Poludnie,W13W13W13,83
Poludnie,W13W13W11,83
Poludnie,W13W13W10,85
Poludnie,W13W13W12,85
Poludnie,W13W13W14,86
Poludnie,W13W14W11,86
Poludnie,W13W14W13,86
Poludnie,W13W14W10,88
Poludnie,W13W14W12,88
Poludnie,W13W14W14,89
Poludnie,W13W13W35,91
Poludnie,W13W13W20,93
Poludnie,W13W13W22,93
Poludnie,W13W11W11,93
Poludnie,W13W11W13,93
Poludnie,W13W13W16,94
Poludnie,W13W13W17,94
Poludnie,W13W14W35,94
Poludnie,W13W13W23,95
Poludnie,W13W11W10,95
Poludnie,W13W11W12,95
Poludnie,W13W13W15,96
Poludnie,W13W11W14,96
Poludnie,W13W14W20,96
Poludnie,W13W14W22,96
Poludnie,W13W14W16,97
Poludnie,W13W14W17,97
Poludnie,W13W13W26,98
Poludnie,W13W14W23,98
Poludnie,W13W14W15,99
Poludnie,W13W11W35,101
Poludnie,W13W14W26,101
Poludnie,W14W15W11,101
Poludnie,W14W15W13,101
Poludnie,W13W11W20,103
Poludnie,W13W11W22,103
Poludnie,W14W15W10,103
Poludnie,W14W15W12,103
Poludnie,W13W11W16,104
Poludnie,W13W11W17,104
Poludnie,W14W14W11,104
Poludnie,W14W14W13,104
Poludnie,W14W15W14,104
Poludnie,W14W16W11,104
Poludnie,W14W16W13,104
Poludnie,W13W11W23,105
Poludnie,W14W22W11,105
Poludnie,W14W22W13,105
Poludnie,W13W11W15,106
Poludnie,W14W14W10,106
Poludnie,W14W14W12,106
Poludnie,W14W16W10,106
Poludnie,W14W16W12,106
Poludnie,W14W14W14,107
Poludnie,W14W16W14,107
Poludnie,W14W22W10,107
Poludnie,W14W22W12,107
Poludnie,W13W11W26,108
Poludnie,W14W22W14,108
Skawina,W1W23W11,109
Skawina,W1W23W13,109
Poludnie,W14W15W35,109
Poludnie,W10W16W11,110
Poludnie,W10W16W13,110
Skawina,W1W23W10,111
Skawina,W1W23W12,111
Poludnie,W10W22W11,111
Poludnie,W10W22W13,111
Poludnie,W14W11W11,111
Poludnie,W14W11W13,111
Poludnie,W14W15W20,111
Poludnie,W14W15W22,111
Poludnie,W14W20W11,111
Poludnie,W14W20W13,111
Poludnie,W14W26W11,111
Poludnie,W14W26W13,111
Poludnie,W15W15W11,111
Poludnie,W15W15W13,111
Skawina,W1W23W14,112
Poludnie,W10W16W10,112
Poludnie,W10W16W12,112
Poludnie,W14W14W35,112
Poludnie,W14W15W16,112
Poludnie,W14W15W17,112
Poludnie,W14W16W35,112
Poludnie,W10W16W14,113
Poludnie,W10W22W10,113
Poludnie,W10W22W12,113
Poludnie,W14W11W10,113
Poludnie,W14W11W12,113
Poludnie,W14W15W23,113
Poludnie,W14W20W10,113
Poludnie,W14W20W12,113
Poludnie,W14W22W35,113
Poludnie,W14W26W10,113
Poludnie,W14W26W12,113
Poludnie,W15W15W10,113
Poludnie,W15W15W12,113
Poludnie,W16W16W11,113
Poludnie,W16W16W13,113
Poludnie,W16W14W11,113
Poludnie,W16W14W13,113
Skawina,W7W5W5,114
Poludnie,W10W22W14,114
Poludnie,W14W14W20,114
Poludnie,W14W14W22,114
Poludnie,W14W11W14,114
Poludnie,W14W15W15,114
Poludnie,W14W16W20,114
Poludnie,W14W16W22,114
Poludnie,W14W20W14,114
Poludnie,W14W26W14,114
Poludnie,W15W15W14,114
Poludnie,W15W14W11,114
Poludnie,W15W14W13,114
Poludnie,W16W22W11,114
Poludnie,W16W22W13,114
Skawina,W3W23W11,115
Skawina,W3W23W13,115
Poludnie,W14W14W16,115
Poludnie,W14W14W17,115
Poludnie,W14W16W16,115
Poludnie,W14W16W17,115
Poludnie,W14W22W22,115
Poludnie,W14W22W20,115
Poludnie,W16W16W10,115
Poludnie,W16W16W12,115
Poludnie,W16W14W10,115
Poludnie,W16W14W12,115
Poludnie,W14W14W23,116
Poludnie,W14W15W26,116
Poludnie,W14W16W23,116
Poludnie,W14W22W16,116
Poludnie,W14W22W17,116
Poludnie,W15W14W10,116
Poludnie,W15W14W12,116
Poludnie,W16W16W14,116
Poludnie,W16W14W14,116
Poludnie,W16W22W10,116
Poludnie,W16W22W12,116
Skawina,W1W23W35,117
Skawina,W3W23W10,117
Skawina,W3W23W12,117
Poludnie,W10W20W11,117
Poludnie,W10W20W13,117
Poludnie,W10W26W11,117
Poludnie,W10W26W13,117
Poludnie,W14W14W15,117
Poludnie,W14W16W15,117
Poludnie,W14W22W23,117
Poludnie,W14W35W11,117
Poludnie,W14W35W13,117
Poludnie,W15W14W14,117
Poludnie,W16W22W14,117
Skawina,W3W23W14,118
Skawina,W5W5W5,118
Skawina,W7W6W6,118
Poludnie,W10W16W35,118
Poludnie,W14W22W15,118
Skawina,W1W23W20,119
Skawina,W1W23W22,119
Poludnie,W10W20W10,119
Poludnie,W10W20W12,119
Poludnie,W10W22W35,119
Poludnie,W10W26W10,119
Poludnie,W10W26W12,119
Poludnie,W14W14W26,119
Poludnie,W14W11W35,119
Poludnie,W14W16W26,119
Poludnie,W14W20W35,119
Poludnie,W14W26W35,119
Poludnie,W14W35W10,119
Poludnie,W14W35W12,119
Poludnie,W15W15W35,119
Skawina,W1W23W16,120
Skawina,W1W23W17,120
Skawina,W7W7W7,120
Poludnie,W8W23W11,120
Poludnie,W8W23W13,120
Poludnie,W10W16W20,120
Poludnie,W10W16W22,120
Poludnie,W10W20W14,120
Poludnie,W10W26W14,120
Poludnie,W14W17W11,120
Poludnie,W14W17W13,120
Poludnie,W14W22W26,120
Poludnie,W14W35W14,120
Poludnie,W16W20W11,120
Poludnie,W16W20W13,120
Poludnie,W16W26W11,120
Poludnie,W16W26W13,120
Skawina,W1W23W23,121
Poludnie,W10W16W16,121
Poludnie,W10W16W17,121
Poludnie,W10W22W22,121
Poludnie,W10W22W20,121
Poludnie,W14W11W20,121
Poludnie,W14W11W22,121
Poludnie,W14W20W20,121
Poludnie,W14W20W22,121
Poludnie,W14W26W20,121
Poludnie,W14W26W22,121
Poludnie,W15W15W20,121
Poludnie,W15W15W22,121
Poludnie,W15W11W11,121
Poludnie,W15W11W13,121
Poludnie,W16W16W35,121
Poludnie,W16W14W35,121
Skawina,W1W23W15,122
Skawina,W5W6W6,122
Poludnie,W8W23W10,122
Poludnie,W8W23W12,122
Poludnie,W10W16W23,122
Poludnie,W10W22W16,122
Poludnie,W10W22W17,122
Poludnie,W14W11W16,122
Poludnie,W14W11W17,122
Poludnie,W14W17W10,122
Poludnie,W14W17W12,122
Poludnie,W14W20W16,122
Poludnie,W14W20W17,122
Poludnie,W14W26W16,122
Poludnie,W14W26W17,122
Poludnie,W15W15W16,122
Poludnie,W15W15W17,122
Poludnie,W15W14W35,122
Poludnie,W16W20W10,122
Poludnie,W16W20W12,122
Poludnie,W16W22W35,122
Poludnie,W16W26W10,122
Poludnie,W16W26W12,122
Skawina,W3W23W35,123
Poludnie,W8W23W14,123
Poludnie,W10W16W15,123
Poludnie,W10W22W23,123
Poludnie,W10W35W11,123
Poludnie,W10W35W13,123
Poludnie,W14W11W23,123
Poludnie,W14W17W14,123
Poludnie,W14W20W23,123
Poludnie,W14W26W23,123
Poludnie,W15W15W23,123
Poludnie,W15W11W10,123
Poludnie,W15W11W12,123
Poludnie,W16W16W20,123
Poludnie,W16W16W22,123
Poludnie,W16W14W20,123
Poludnie,W16W14W22,123
Poludnie,W16W20W14,123
Poludnie,W16W26W14,123
Skawina,W1W23W26,124
Skawina,W5W7W7,124
Poludnie,W10W22W15,124
Poludnie,W14W11W15,124
Poludnie,W14W20W15,124
Poludnie,W14W26W15,124
Poludnie,W15W15W15,124
Poludnie,W15W11W14,124
Poludnie,W15W14W20,124
Poludnie,W15W14W22,124
Poludnie,W16W16W16,124
Poludnie,W16W16W17,124
Poludnie,W16W14W16,124
Poludnie,W16W14W17,124
Poludnie,W16W22W22,124
Poludnie,W16W22W20,124
Skawina,W1W8W39,125
Skawina,W3W23W20,125
Skawina,W3W23W22,125
Poludnie,W10W16W26,125
Poludnie,W10W20W35,125
Poludnie,W10W26W35,125
Poludnie,W10W35W10,125
Poludnie,W10W35W12,125
Poludnie,W14W35W35,125
Poludnie,W15W14W16,125
Poludnie,W15W14W17,125
Poludnie,W16W16W23,125
Poludnie,W16W14W23,125
Poludnie,W16W22W16,125
Poludnie,W16W22W17,125
Skawina,W1W8W19,126
Skawina,W1W8W46,126
Skawina,W3W23W16,126
Skawina,W3W23W17,126
Poludnie,W9W23W11,126
Poludnie,W9W23W13,126
Poludnie,W10W17W11,126
Poludnie,W10W17W13,126
Poludnie,W10W22W26,126
Poludnie,W10W35W14,126
Poludnie,W14W11W26,126
Poludnie,W14W20W26,126
Poludnie,W14W26W26,126
Poludnie,W15W15W26,126
Poludnie,W15W14W23,126
Poludnie,W16W16W15,126
Poludnie,W16W14W15,126
Poludnie,W16W22W23,126
Poludnie,W16W35W11,126
Poludnie,W16W35W13,126
Skawina,W3W23W23,127
Skawina,W6W5W5,127
Poludnie,W10W20W20,127
Poludnie,W10W20W22,127
Poludnie,W10W26W20,127
Poludnie,W10W26W22,127
Poludnie,W14W12W11,127
Poludnie,W14W12W13,127
Poludnie,W14W35W20,127
Poludnie,W14W35W22,127
Poludnie,W15W14W15,127
Poludnie,W16W22W15,127
Skawina,W3W23W15,128
Poludnie,W8W23W35,128
Poludnie,W9W23W10,128
Poludnie,W9W23W12,128
Poludnie,W10W17W10,128
Poludnie,W10W17W12,128
Poludnie,W10W20W16,128
Poludnie,W10W20W17,128
Poludnie,W10W26W16,128
Poludnie,W10W26W17,128
Poludnie,W14W17W35,128
Poludnie,W14W35W16,128
Poludnie,W14W35W17,128
Poludnie,W16W16W26,128
Poludnie,W16W14W26,128
Poludnie,W16W20W35,128
Poludnie,W16W26W35,128
Poludnie,W16W35W10,128
Poludnie,W16W35W12,128
Skawina,W4W7W7,129
Poludnie,W9W23W14,129
Poludnie,W10W17W14,129
Poludnie,W10W20W23,129
Poludnie,W10W26W23,129
Poludnie,W14W12W12,129
Poludnie,W14W12W10,129
Poludnie,W14W35W23,129
Poludnie,W15W11W35,129
Poludnie,W15W14W26,129
Poludnie,W16W17W11,129
Poludnie,W16W17W13,129
Poludnie,W16W22W26,129
Poludnie,W16W35W14,129
Skawina,W3W23W26,130
Poludnie,W8W23W20,130
Poludnie,W8W23W22,130
Poludnie,W10W20W15,130
Poludnie,W10W26W15,130
Poludnie,W14W12W14,130
Poludnie,W14W17W20,130
Poludnie,W14W17W22,130
Poludnie,W14W35W15,130
Poludnie,W16W20W20,130
Poludnie,W16W20W22,130
Poludnie,W16W26W20,130
Poludnie,W16W26W22,130
Skawina,W3W8W39,131
Skawina,W6W6W6,131
Poludnie,W8W23W16,131
Poludnie,W8W23W17,131
Poludnie,W10W35W35,131
Poludnie,W14W17W17,131
Poludnie,W14W17W16,131
Poludnie,W15W11W20,131
Poludnie,W15W11W22,131
Poludnie,W16W17W10,131
Poludnie,W16W17W12,131
Poludnie,W16W20W16,131
Poludnie,W16W20W17,131
Poludnie,W16W26W16,131
Poludnie,W16W26W17,131
Skawina,W3W8W19,132
Skawina,W3W8W46,132
Poludnie,W8W23W23,132
Poludnie,W10W20W26,132
Poludnie,W10W26W26,132
Poludnie,W14W17W23,132
Poludnie,W14W35W26,132
Poludnie,W15W11W16,132
Poludnie,W15W11W17,132
Poludnie,W16W17W14,132
Poludnie,W16W20W23,132
Poludnie,W16W26W23,132
Skawina,W1W8W28,133
Skawina,W6W7W7,133
Poludnie,W8W23W15,133
Poludnie,W10W35W20,133
Poludnie,W10W35W22,133
Poludnie,W14W17W15,133
Poludnie,W15W11W23,133
Poludnie,W16W20W15,133
Poludnie,W16W26W15,133
Poludnie,W9W23W35,134
Poludnie,W10W17W35,134
Poludnie,W10W35W16,134
Poludnie,W10W35W17,134
Poludnie,W15W11W15,134
Poludnie,W16W35W35,134
Lagiewniki,W22W16W11,134
Lagiewniki,W22W16W13,134
Poludnie,W8W23W26,135
Poludnie,W10W10W11,135
Poludnie,W10W10W13,135
Poludnie,W10W35W23,135
Poludnie,W12W15W11,135
Poludnie,W12W15W13,135
Poludnie,W14W12W35,135
Poludnie,W14W17W26,135
Poludnie,W16W20W26,135
Poludnie,W16W26W26,135
Lagiewniki,W22W22W11,135
Lagiewniki,W22W22W13,135
Skawina,W1W8W31,136
Poludnie,W8W8W39,136
Poludnie,W9W23W20,136
Poludnie,W9W23W22,136
Poludnie,W10W17W20,136
Poludnie,W10W17W22,136
Poludnie,W10W35W15,136
Poludnie,W15W11W26,136
Poludnie,W16W35W20,136
Poludnie,W16W35W22,136
Lagiewniki,W22W16W10,136
Lagiewniki,W22W16W12,136
Poludnie,W8W8W19,137
Poludnie,W8W8W46,137
Poludnie,W9W23W16,137
Poludnie,W9W23W17,137
Poludnie,W10W10W10,137
Poludnie,W10W10W12,137
Poludnie,W10W17W17,137
Poludnie,W10W17W16,137
Poludnie,W12W15W10,137
Poludnie,W12W15W12,137
Poludnie,W14W12W20,137
Poludnie,W14W12W22,137
Poludnie,W15W12W11,137
Poludnie,W15W12W13,137
Poludnie,W16W17W35,137
Poludnie,W16W35W16,137
Poludnie,W16W35W17,137
Lagiewniki,W22W22W10,137
Lagiewniki,W22W22W12,137
Lagiewniki,W22W16W14,137
Skawina,W1W9W9,138
Skawina,W1W9W3,138
Skawina,W1W9W25,138
Skawina,W1W9W47,138
Skawina,W1W9W48,138
Skawina,W1W9W49,138
Skawina,W1W9W50,138
Poludnie,W9W23W23,138
Poludnie,W10W10W14,138
Poludnie,W10W17W23,138
Poludnie,W10W35W26,138
Poludnie,W12W14W11,138
Poludnie,W12W14W13,138
Poludnie,W12W15W14,138
Poludnie,W14W12W16,138
Poludnie,W14W12W17,138
Poludnie,W16W10W11,138
Poludnie,W16W10W13,138
Poludnie,W16W35W23,138
Lagiewniki,W22W22W14,138
Skawina,W1W1W39,139
Skawina,W1W47W47,139
Skawina,W1W47W3,139
Skawina,W1W47W9,139
Skawina,W1W47W25,139
Skawina,W1W47W48,139
Skawina,W1W47W49,139
Skawina,W1W47W50,139
Skawina,W3W8W28,139
Poludnie,W9W23W15,139
Poludnie,W10W17W15,139
Poludnie,W14W12W23,139
Poludnie,W15W12W12,139
Poludnie,W15W12W10,139
Poludnie,W16W17W20,139
Poludnie,W16W17W22,139
Poludnie,W16W35W15,139
Blacharska,W29W41W18,139
Blacharska,W29W41W32,139
Skawina,W1W1W19,140
Skawina,W1W1W46,140
Skawina,W1W3W3,140
Skawina,W1W3W9,140
Skawina,W1W3W25,140
Skawina,W1W3W47,140
Skawina,W1W3W48,140
Skawina,W1W3W49,140
Skawina,W1W3W50,140
Poludnie,W12W14W10,140
Poludnie,W12W14W12,140
Poludnie,W14W12W15,140
Poludnie,W15W12W14,140
Poludnie,W16W10W10,140
Poludnie,W16W10W12,140
Poludnie,W16W17W17,140
Poludnie,W16W17W16,140
Blacharska,W29W41W36,140
Blacharska,W29W41W39,140
Poludnie,W9W23W26,141
Poludnie,W10W17W26,141
Poludnie,W12W14W14,141
Poludnie,W16W10W14,141
Poludnie,W16W17W23,141
Poludnie,W16W35W26,141
Lagiewniki,W18W22W11,141
Lagiewniki,W18W22W13,141
Lagiewniki,W22W20W11,141
Lagiewniki,W22W20W13,141
Lagiewniki,W22W26W11,141
Lagiewniki,W22W26W13,141
Blacharska,W29W41W33,141
Blacharska,W29W41W42,141
Blacharska,W29W41W43,141
Skawina,W1W50W50,142
Skawina,W1W50W3,142
Skawina,W1W50W9,142
Skawina,W1W50W25,142
Skawina,W1W50W47,142
Skawina,W1W50W48,142
Skawina,W1W50W49,142
Skawina,W3W8W31,142
Poludnie,W9W8W39,142
Poludnie,W14W12W26,142
Poludnie,W16W17W15,142
Lagiewniki,W22W16W35,142
Poludnie,W9W8W19,143
Poludnie,W9W8W46,143
Poludnie,W10W10W35,143
Poludnie,W12W15W35,143
Lagiewniki,W18W22W10,143
Lagiewniki,W18W22W12,143
Lagiewniki,W22W22W35,143
Lagiewniki,W22W20W10,143
Lagiewniki,W22W20W12,143
Lagiewniki,W22W26W10,143
Lagiewniki,W22W26W12,143
Skawina,W3W9W9,144
Skawina,W3W9W3,144
Skawina,W3W9W25,144
Skawina,W3W9W47,144
Skawina,W3W9W48,144
Skawina,W3W9W49,144
Skawina,W3W9W50,144
Poludnie,W8W8W28,144
Poludnie,W16W17W26,144
Lagiewniki,W18W21W18,144
Lagiewniki,W18W21W32,144
Lagiewniki,W18W22W14,144
Lagiewniki,W22W16W20,144
Lagiewniki,W22W16W22,144
Lagiewniki,W22W20W14,144
Lagiewniki,W22W26W14,144
Blacharska,W29W41W41,144
Blacharska,W29W41W21,144
Blacharska,W29W41W27,144
Blacharska,W29W41W30,144
Skawina,W3W1W39,145
Skawina,W3W47W47,145
Skawina,W3W47W3,145
Skawina,W3W47W9,145
Skawina,W3W47W25,145
Skawina,W3W47W48,145
Skawina,W3W47W49,145
Skawina,W3W47W50,145
Poludnie,W10W10W20,145
Poludnie,W10W10W22,145
Poludnie,W12W11W11,145
Poludnie,W12W11W13,145
Poludnie,W12W15W20,145
Poludnie,W12W15W22,145
Poludnie,W15W12W35,145
Lagiewniki,W18W18W18,145
Lagiewniki,W18W18W32,145
Lagiewniki,W18W21W36,145
Lagiewniki,W22W22W22,145
Lagiewniki,W22W22W20,145
Lagiewniki,W22W16W16,145
Lagiewniki,W22W16W17,145
Blacharska,W29W34W39,145
Blacharska,W29W41W24,145
Blacharska,W29W41W29,145
Blacharska,W29W41W37,145
Blacharska,W29W41W40,145
Blacharska,W29W41W44,145
Blacharska,W29W41W45,145
Skawina,W3W3W3,146
Skawina,W3W3W9,146
Skawina,W3W3W25,146
Skawina,W3W3W47,146
Skawina,W3W3W48,146
Skawina,W3W3W49,146
Skawina,W3W3W50,146
Skawina,W3W1W19,146
Skawina,W3W1W46,146
Poludnie,W10W10W16,146
Poludnie,W10W10W17,146
Poludnie,W12W14W35,146
Poludnie,W12W15W16,146
Poludnie,W12W15W17,146
Poludnie,W16W10W35,146
Lagiewniki,W18W18W36,146
Lagiewniki,W18W21W33,146
Lagiewniki,W18W21W42,146
Lagiewniki,W18W21W43,146
Lagiewniki,W22W22W16,146
Lagiewniki,W22W22W17,146
Lagiewniki,W22W16W23,146
Blacharska,W29W34W19,146
Blacharska,W29W34W46,146
Skawina,W1W1W28,147
Poludnie,W8W8W31,147
Poludnie,W10W10W23,147
Poludnie,W12W11W10,147
Poludnie,W12W11W12,147
Poludnie,W12W15W23,147
Poludnie,W15W12W20,147
Poludnie,W15W12W22,147
Lagiewniki,W18W18W33,147
Lagiewniki,W18W18W42,147
Lagiewniki,W18W18W43,147
Lagiewniki,W18W26W11,147
Lagiewniki,W18W26W13,147
Lagiewniki,W22W22W23,147
Lagiewniki,W22W16W15,147
Lagiewniki,W22W35W11,147
Lagiewniki,W22W35W13,147
Blacharska,W29W27W18,147
Blacharska,W29W27W32,147
Skawina,W3W50W50,148
Skawina,W3W50W3,148
Skawina,W3W50W9,148
Skawina,W3W50W25,148
Skawina,W3W50W47,148
Skawina,W3W50W48,148
Skawina,W3W50W49,148
Poludnie,W10W10W15,148
Poludnie,W12W11W14,148
Poludnie,W12W14W20,148
Poludnie,W12W14W22,148
Poludnie,W12W15W15,148
Poludnie,W15W12W16,148
Poludnie,W15W12W17,148
Poludnie,W16W10W20,148
Poludnie,W16W10W22,148
Poludnie,W17W16W11,148
Poludnie,W17W16W13,148
Lagiewniki,W22W22W15,148
Blacharska,W29W27W36,148
Poludnie,W8W9W9,149
Poludnie,W8W9W3,149
Poludnie,W8W9W25,149
Poludnie,W8W9W47,149
Poludnie,W8W9W48,149
Poludnie,W8W9W49,149
Poludnie,W8W9W50,149
Poludnie,W12W14W16,149
Poludnie,W12W14W17,149
Poludnie,W15W12W23,149
Poludnie,W16W10W16,149
Poludnie,W16W10W17,149
Poludnie,W17W22W11,149
Poludnie,W17W22W13,149
Lagiewniki,W18W21W21,149
Lagiewniki,W18W21W27,149
Lagiewniki,W18W21W30,149
Lagiewniki,W18W21W41,149
Lagiewniki,W18W22W35,149
Lagiewniki,W18W26W10,149
Lagiewniki,W18W26W12,149
Lagiewniki,W22W16W26,149
Lagiewniki,W22W20W35,149
Lagiewniki,W22W26W35,149
Lagiewniki,W22W35W10,149
Lagiewniki,W22W35W12,149
Blacharska,W29W27W33,149
Blacharska,W29W27W42,149
Blacharska,W29W27W43,149
Skawina,W1W1W31,150
Poludnie,W8W1W39,150
Poludnie,W8W47W47,150
Poludnie,W8W47W3,150
Poludnie,W8W47W9,150
Poludnie,W8W47W25,150
Poludnie,W8W47W48,150
Poludnie,W8W47W49,150
Poludnie,W8W47W50,150
Poludnie,W9W8W28,150
Poludnie,W10W10W26,150
Poludnie,W12W14W23,150
Poludnie,W12W15W26,150
Poludnie,W15W12W15,150
Poludnie,W16W10W23,150
Poludnie,W17W16W10,150
Poludnie,W17W16W12,150
Lagiewniki,W18W18W21,150
Lagiewniki,W18W18W27,150
Lagiewniki,W18W18W30,150
Lagiewniki,W18W18W41,150
Lagiewniki,W18W21W24,150
Lagiewniki,W18W21W29,150
Lagiewniki,W18W21W37,150
Lagiewniki,W18W21W38,150
Lagiewniki,W18W21W40,150
Lagiewniki,W18W21W44,150
Lagiewniki,W18W21W45,150
Lagiewniki,W18W26W14,150
Lagiewniki,W22W22W26,150
Lagiewniki,W22W17W11,150
Lagiewniki,W22W17W13,150
Lagiewniki,W22W35W14,150
Blacharska,W29W29W18,150
Blacharska,W29W29W32,150
Poludnie,W8W1W19,151
Poludnie,W8W1W46,151
Poludnie,W8W3W3,151
Poludnie,W8W3W9,151
Poludnie,W8W3W25,151
Poludnie,W8W3W47,151
Poludnie,W8W3W48,151
Poludnie,W8W3W49,151
Poludnie,W8W3W50,151
Poludnie,W12W14W15,151
Poludnie,W16W10W15,151
Poludnie,W17W16W14,151
Poludnie,W17W22W10,151
Poludnie,W17W22W12,151
Lagiewniki,W18W18W24,151
Lagiewniki,W18W18W29,151
Lagiewniki,W18W18W37,151
Lagiewniki,W18W18W38,151
Lagiewniki,W18W18W40,151
Lagiewniki,W18W18W44,151
Lagiewniki,W18W18W45,151
Lagiewniki,W18W22W22,151
Lagiewniki,W18W22W20,151
Lagiewniki,W22W20W20,151
Lagiewniki,W22W20W22,151
Lagiewniki,W22W26W20,151
Lagiewniki,W22W26W22,151
Blacharska,W29W29W36,151
Poludnie,W15W12W26,152
Poludnie,W17W22W14,152
Lagiewniki,W18W22W16,152
Lagiewniki,W18W22W17,152
Lagiewniki,W22W17W10,152
Lagiewniki,W22W17W12,152
Lagiewniki,W22W20W16,152
Lagiewniki,W22W20W17,152
Lagiewniki,W22W26W16,152
Lagiewniki,W22W26W17,152
Blacharska,W29W29W33,152
Blacharska,W29W29W42,152
Blacharska,W29W29W43,152
Blacharska,W29W27W27,152
Blacharska,W29W27W21,152
Blacharska,W29W27W30,152
Blacharska,W29W27W41,152
Skawina,W3W1W28,153
Poludnie,W8W50W50,153
Poludnie,W8W50W3,153
Poludnie,W8W50W9,153
Poludnie,W8W50W25,153
Poludnie,W8W50W47,153
Poludnie,W8W50W48,153
Poludnie,W8W50W49,153
Poludnie,W9W8W31,153
Poludnie,W12W11W35,153
Poludnie,W12W14W26,153
Poludnie,W16W10W26,153
Lagiewniki,W18W22W23,153
Lagiewniki,W18W35W11,153
Lagiewniki,W18W35W13,153
Lagiewniki,W22W17W14,153
Lagiewniki,W22W20W23,153
Lagiewniki,W22W26W23,153
Blacharska,W29W27W24,153
Blacharska,W29W27W29,153
Blacharska,W29W27W37,153
Blacharska,W29W27W38,153
Blacharska,W29W27W40,153
Blacharska,W29W27W44,153
Blacharska,W29W27W45,153
Blacharska,W29W34W28,153
Lagiewniki,W18W22W15,154
Lagiewniki,W22W20W15,154
Lagiewniki,W22W26W15,154
Poludnie,W9W9W9,155
Poludnie,W9W9W3,155
Poludnie,W9W9W25,155
Poludnie,W9W9W47,155
Poludnie,W9W9W48,155
Poludnie,W9W9W49,155
Poludnie,W9W9W50,155
Poludnie,W12W11W20,155
Poludnie,W12W11W22,155
Poludnie,W17W20W11,155
Poludnie,W17W20W13,155
Poludnie,W17W26W11,155
Poludnie,W17W26W13,155
Lagiewniki,W18W26W35,155
Lagiewniki,W18W35W10,155
Lagiewniki,W18W35W12,155
Lagiewniki,W22W35W35,155
Tuchowska,W26W16W11,155
Tuchowska,W26W16W13,155
Tuchowska,W28W19W39,155
Blacharska,W29W29W21,155
Blacharska,W29W29W27,155
Blacharska,W29W29W30,155
Blacharska,W29W29W41,155
Blacharska,W35W16W11,155
Blacharska,W35W16W13,155
Skawina,W3W1W31,156
Poludnie,W9W1W39,156
Poludnie,W9W47W47,156
Poludnie,W9W47W3,156
Poludnie,W9W47W9,156
Poludnie,W9W47W25,156
Poludnie,W9W47W48,156
Poludnie,W9W47W49,156
Poludnie,W9W47W50,156
Poludnie,W12W11W16,156
Poludnie,W12W11W17,156
Poludnie,W17W16W35,156
Lagiewniki,W18W22W26,156
Lagiewniki,W18W35W14,156
Lagiewniki,W22W20W26,156
Lagiewniki,W22W26W26,156
Tuchowska,W26W22W11,156
Tuchowska,W26W22W13,156
Tuchowska,W28W19W19,156
Tuchowska,W28W19W46,156
Blacharska,W29W29W29,156
Blacharska,W29W29W24,156
Blacharska,W29W29W37,156
Blacharska,W29W29W38,156
Blacharska,W29W29W40,156
Blacharska,W29W29W44,156
Blacharska,W29W29W45,156
Blacharska,W29W34W31,156
Blacharska,W35W22W11,156
Blacharska,W35W22W13,156
Poludnie,W9W1W19,157
Poludnie,W9W1W46,157
Poludnie,W9W3W3,157
Poludnie,W9W3W9,157
Poludnie,W9W3W25,157
Poludnie,W9W3W47,157
Poludnie,W9W3W48,157
Poludnie,W9W3W49,157
Poludnie,W9W3W50,157
Poludnie,W12W11W23,157
Poludnie,W17W20W10,157
Poludnie,W17W20W12,157
Poludnie,W17W22W35,157
Poludnie,W17W26W10,157
Poludnie,W17W26W12,157
Lagiewniki,W18W26W20,157
Lagiewniki,W18W26W22,157
Lagiewniki,W20W16W11,157
Lagiewniki,W20W16W13,157
Lagiewniki,W22W35W20,157
Lagiewniki,W22W35W22,157
Tuchowska,W26W16W10,157
Tuchowska,W26W16W12,157
Blacharska,W35W16W10,157
Blacharska,W35W16W12,157
Poludnie,W8W1W28,158
Poludnie,W12W11W15,158
Poludnie,W17W16W20,158
Poludnie,W17W16W22,158
Poludnie,W17W20W14,158
Poludnie,W17W26W14,158
Lagiewniki,W18W26W16,158
Lagiewniki,W18W26W17,158
Lagiewniki,W20W22W11,158
Lagiewniki,W20W22W13,158
Lagiewniki,W22W17W35,158
Lagiewniki,W22W35W16,158
Lagiewniki,W22W35W17,158
Tuchowska,W26W16W14,158
Tuchowska,W26W22W10,158
Tuchowska,W26W22W12,158
Blacharska,W35W16W14,158
Blacharska,W35W22W10,158
Blacharska,W35W22W12,158
Poludnie,W9W50W50,159
Poludnie,W9W50W3,159
Poludnie,W9W50W9,159
Poludnie,W9W50W25,159
Poludnie,W9W50W47,159
Poludnie,W9W50W48,159
Poludnie,W9W50W49,159
Poludnie,W17W16W16,159
Poludnie,W17W16W17,159
Poludnie,W17W22W22,159
Poludnie,W17W22W20,159
Lagiewniki,W18W26W23,159
Lagiewniki,W20W16W10,159
Lagiewniki,W20W16W12,159
Lagiewniki,W22W10W11,159
Lagiewniki,W22W10W13,159
Lagiewniki,W22W35W23,159
Tuchowska,W26W21W18,159
Tuchowska,W26W21W32,159
Tuchowska,W26W22W14,159
Blacharska,W35W21W18,159
Blacharska,W35W21W32,159
Blacharska,W35W22W14,159
Poludnie,W12W11W26,160
Poludnie,W17W16W23,160
Poludnie,W17W22W16,160
Poludnie,W17W22W17,160
Lagiewniki,W18W26W15,160
Lagiewniki,W20W16W14,160
Lagiewniki,W20W22W10,160
Lagiewniki,W20W22W12,160
Lagiewniki,W22W17W20,160
Lagiewniki,W22W17W22,160
Lagiewniki,W22W35W15,160
Tuchowska,W26W18W18,160
Tuchowska,W26W18W32,160
Tuchowska,W26W21W36,160
Blacharska,W35W18W18,160
Blacharska,W35W18W32,160
Blacharska,W35W21W36,160
Poludnie,W8W1W31,161
Poludnie,W12W12W11,161
Poludnie,W12W12W13,161
Poludnie,W17W16W15,161
Poludnie,W17W22W23,161
Poludnie,W17W35W11,161
Poludnie,W17W35W13,161
Lagiewniki,W18W35W35,161
Lagiewniki,W20W22W14,161
Lagiewniki,W22W10W10,161
Lagiewniki,W22W10W12,161
Lagiewniki,W22W17W17,161
Lagiewniki,W22W17W16,161
Tuchowska,W26W18W36,161
Tuchowska,W26W21W33,161
Tuchowska,W26W21W42,161
Tuchowska,W26W21W43,161
Blacharska,W35W18W36,161
Blacharska,W35W21W33,161
Blacharska,W35W21W42,161
Blacharska,W35W21W43,161
Poludnie,W17W22W15,162
Lagiewniki,W18W26W26,162
Lagiewniki,W22W10W14,162
Lagiewniki,W22W17W23,162
Lagiewniki,W22W35W26,162
Tuchowska,W26W26W11,162
Tuchowska,W26W26W13,162
Tuchowska,W26W18W33,162
Tuchowska,W26W18W42,162
Tuchowska,W26W18W43,162
Tuchowska,W26W20W11,162
Tuchowska,W26W20W13,162
Blacharska,W35W18W33,162
Blacharska,W35W18W42,162
Blacharska,W35W18W43,162
Blacharska,W35W20W11,162
Blacharska,W35W20W13,162
Blacharska,W35W26W11,162
Blacharska,W35W26W13,162
Poludnie,W12W12W12,163
Poludnie,W12W12W10,163
Poludnie,W17W16W26,163
Poludnie,W17W20W35,163
Poludnie,W17W26W35,163
Poludnie,W17W35W10,163
Poludnie,W17W35W12,163
Lagiewniki,W18W35W20,163
Lagiewniki,W18W35W22,163
Lagiewniki,W22W17W15,163
Tuchowska,W26W16W35,163
Tuchowska,W28W28W39,163
Tuchowska,W28W19W28,163
Blacharska,W35W16W35,163
Poludnie,W9W1W28,164
Poludnie,W12W12W14,164
Poludnie,W17W17W11,164
Poludnie,W17W17W13,164
Poludnie,W17W22W26,164
Poludnie,W17W35W14,164
Lagiewniki,W18W35W16,164
Lagiewniki,W18W35W17,164
Lagiewniki,W20W20W11,164
Lagiewniki,W20W20W13,164
Lagiewniki,W20W26W11,164
Lagiewniki,W20W26W13,164
Tuchowska,W25W45W18,164
Tuchowska,W25W45W32,164
Tuchowska,W26W26W10,164
Tuchowska,W26W26W12,164
Tuchowska,W26W20W10,164
Tuchowska,W26W20W12,164
Tuchowska,W26W21W21,164
Tuchowska,W26W21W27,164
Tuchowska,W26W21W30,164
Tuchowska,W26W21W41,164
Tuchowska,W26W22W35,164
Tuchowska,W28W28W19,164
Tuchowska,W28W28W46,164
Blacharska,W35W20W10,164
Blacharska,W35W20W12,164
Blacharska,W35W21W21,164
Blacharska,W35W21W27,164
Blacharska,W35W21W30,164
Blacharska,W35W21W41,164
Blacharska,W35W22W35,164
Blacharska,W35W26W10,164
Blacharska,W35W26W12,164
Poludnie,W17W20W20,165
Poludnie,W17W20W22,165
Poludnie,W17W26W20,165
Poludnie,W17W26W22,165
Lagiewniki,W18W35W23,165
Lagiewniki,W20W16W35,165
Lagiewniki,W22W17W26,165
Tuchowska,W25W45W36,165
Tuchowska,W26W26W14,165
Tuchowska,W26W16W20,165
Tuchowska,W26W16W22,165
Tuchowska,W26W18W21,165
Tuchowska,W26W18W27,165
Tuchowska,W26W18W30,165
Tuchowska,W26W18W41,165
Tuchowska,W26W20W14,165
Tuchowska,W26W21W24,165
Tuchowska,W26W21W29,165
Tuchowska,W26W21W37,165
Tuchowska,W26W21W38,165
Tuchowska,W26W21W40,165
Tuchowska,W26W21W44,165
Tuchowska,W26W21W45,165
Blacharska,W35W16W20,165
Blacharska,W35W16W22,165
Blacharska,W35W18W21,165
Blacharska,W35W18W27,165
Blacharska,W35W18W30,165
Blacharska,W35W18W41,165
Blacharska,W35W20W14,165
Blacharska,W35W21W24,165
Blacharska,W35W21W29,165
Blacharska,W35W21W37,165
Blacharska,W35W21W38,165
Blacharska,W35W21W40,165
Blacharska,W35W21W44,165
Blacharska,W35W21W45,165
Blacharska,W35W26W14,165
Blacharska,W48W23W11,165
Blacharska,W48W23W13,165
Poludnie,W17W17W10,166
Poludnie,W17W17W12,166
Poludnie,W17W20W16,166
Poludnie,W17W20W17,166
Poludnie,W17W26W16,166
Poludnie,W17W26W17,166
Lagiewniki,W18W35W15,166
Lagiewniki,W20W20W10,166
Lagiewniki,W20W20W12,166
Lagiewniki,W20W22W35,166
Lagiewniki,W20W26W10,166
Lagiewniki,W20W26W12,166
Tuchowska,W25W45W33,166
Tuchowska,W25W45W42,166
Tuchowska,W25W45W43,166
Tuchowska,W26W16W16,166
Tuchowska,W26W16W17,166
Tuchowska,W26W18W24,166
Tuchowska,W26W18W29,166
Tuchowska,W26W18W37,166
Tuchowska,W26W18W38,166
Tuchowska,W26W18W40,166
Tuchowska,W26W18W44,166
Tuchowska,W26W18W45,166
Tuchowska,W26W22W22,166
Tuchowska,W26W22W20,166
Tuchowska,W28W19W31,166
Blacharska,W35W16W16,166
Blacharska,W35W16W17,166
Blacharska,W35W18W24,166
Blacharska,W35W18W29,166
Blacharska,W35W18W37,166
Blacharska,W35W18W38,166
Blacharska,W35W18W40,166
Blacharska,W35W18W44,166
Blacharska,W35W18W45,166
Blacharska,W35W22W22,166
Blacharska,W35W22W20,166
Skawina,W1W48W48,167
Skawina,W1W48W3,167
Skawina,W1W48W9,167
Skawina,W1W48W25,167
Skawina,W1W48W47,167
Skawina,W1W48W49,167
Skawina,W1W48W50,167
Poludnie,W9W1W31,167
Poludnie,W11W13W13,167
Poludnie,W11W13W11,167
Poludnie,W11W15W11,167
Poludnie,W11W15W13,167
Poludnie,W17W17W14,167
Poludnie,W17W20W23,167
Poludnie,W17W26W23,167
Lagiewniki,W20W20W14,167
Lagiewniki,W20W16W20,167
Lagiewniki,W20W16W22,167
Lagiewniki,W20W26W14,167
Lagiewniki,W22W10W35,167
Tuchowska,W26W16W23,167
Tuchowska,W26W22W16,167
Tuchowska,W26W22W17,167
Blacharska,W35W16W23,167
Blacharska,W35W22W16,167
Blacharska,W35W22W17,167
Niepolomice,W45W34W39,167
Blacharska,W48W23W10,167
Blacharska,W48W23W12,167
Poludnie,W17W20W15,168
Poludnie,W17W26W15,168
Lagiewniki,W18W35W26,168
Lagiewniki,W20W16W16,168
Lagiewniki,W20W16W17,168
Lagiewniki,W20W22W22,168
Lagiewniki,W20W22W20,168
Tuchowska,W26W16W15,168
Tuchowska,W26W22W23,168
Tuchowska,W26W35W11,168
Tuchowska,W26W35W13,168
Blacharska,W29W45W18,168
Blacharska,W29W45W32,168
Blacharska,W34W41W18,168
Blacharska,W34W41W32,168
Blacharska,W35W35W11,168
Blacharska,W35W35W13,168
Blacharska,W35W16W15,168
Blacharska,W35W22W23,168
Niepolomice,W45W34W19,168
Niepolomice,W45W34W46,168
Lagiewniki,W47W23W11,168
Lagiewniki,W47W23W13,168
Blacharska,W48W23W14,168
Poludnie,W11W13W10,169
Poludnie,W11W13W12,169
Poludnie,W11W15W10,169
Poludnie,W11W15W12,169
Poludnie,W12W12W35,169
Poludnie,W17W35W35,169
Lagiewniki,W20W16W23,169
Lagiewniki,W20W22W16,169
Lagiewniki,W20W22W17,169
Lagiewniki,W22W10W20,169
Lagiewniki,W22W10W22,169
Tuchowska,W25W45W21,169
Tuchowska,W25W45W27,169
Tuchowska,W25W45W30,169
Tuchowska,W25W45W41,169
Tuchowska,W26W22W15,169
Blacharska,W29W45W36,169
Blacharska,W34W41W36,169
Blacharska,W34W41W39,169
Blacharska,W35W22W15,169
Niepolomice,W45W27W18,169
Niepolomice,W45W27W32,169
Poludnie,W11W13W14,170
Poludnie,W11W14W11,170
Poludnie,W11W14W13,170
Poludnie,W11W15W14,170
Poludnie,W17W20W26,170
Poludnie,W17W26W26,170
Lagiewniki,W20W16W15,170
Lagiewniki,W20W22W23,170
Lagiewniki,W20W35W11,170
Lagiewniki,W20W35W13,170
Lagiewniki,W22W10W16,170
Lagiewniki,W22W10W17,170
Tuchowska,W25W45W45,170
Tuchowska,W25W45W24,170
Tuchowska,W25W45W29,170
Tuchowska,W25W45W37,170
Tuchowska,W25W45W38,170
Tuchowska,W25W45W40,170
Tuchowska,W25W45W44,170
Tuchowska,W26W26W35,170
Tuchowska,W26W16W26,170
Tuchowska,W26W20W35,170
Tuchowska,W26W35W10,170
Tuchowska,W26W35W12,170
Blacharska,W29W36W18,170
Blacharska,W29W36W32,170
Blacharska,W29W45W33,170
Blacharska,W29W45W42,170
Blacharska,W29W45W43,170
Blacharska,W34W41W33,170
Blacharska,W34W41W42,170
Blacharska,W34W41W43,170
Blacharska,W35W35W10,170
Blacharska,W35W35W12,170
Blacharska,W35W16W26,170
Blacharska,W35W20W35,170
Blacharska,W35W26W35,170
Niepolomice,W45W27W36,170
Lagiewniki,W47W23W10,170
Lagiewniki,W47W23W12,170
Poludnie,W12W12W20,171
Poludnie,W12W12W22,171
Poludnie,W17W35W20,171
Poludnie,W17W35W22,171
Lagiewniki,W20W22W15,171
Lagiewniki,W22W10W23,171
Tuchowska,W26W17W11,171
Tuchowska,W26W17W13,171
Tuchowska,W26W22W26,171
Tuchowska,W26W35W14,171
Tuchowska,W28W28W28,171
Blacharska,W29W36W36,171
Blacharska,W35W35W14,171
Blacharska,W35W17W11,171
Blacharska,W35W17W13,171
Blacharska,W35W22W26,171
Niepolomice,W45W27W33,171
Niepolomice,W45W27W42,171
Niepolomice,W45W27W43,171
Lagiewniki,W47W23W14,171
Poludnie,W11W14W10,172
Poludnie,W11W14W12,172
Poludnie,W12W12W16,172
Poludnie,W12W12W17,172
Poludnie,W17W17W35,172
Poludnie,W17W35W16,172
Poludnie,W17W35W17,172
Lagiewniki,W20W20W35,172
Lagiewniki,W20W16W26,172
Lagiewniki,W20W26W35,172
Lagiewniki,W20W35W10,172
Lagiewniki,W20W35W12,172
Lagiewniki,W22W10W15,172
Tuchowska,W26W26W20,172
Tuchowska,W26W26W22,172
Tuchowska,W26W20W20,172
Tuchowska,W26W20W22,172
Blacharska,W29W36W33,172
Blacharska,W29W36W42,172
Blacharska,W29W36W43,172
Blacharska,W35W20W20,172
Blacharska,W35W20W22,172
Blacharska,W35W26W20,172
Blacharska,W35W26W22,172
Niepolomice,W45W29W18,172
Niepolomice,W45W29W32,172
Skawina,W3W48W48,173
Skawina,W3W48W3,173
Skawina,W3W48W9,173
Skawina,W3W48W25,173
Skawina,W3W48W47,173
Skawina,W3W48W49,173
Skawina,W3W48W50,173
Skawina,W7W4W4,173
Poludnie,W11W14W14,173
Poludnie,W12W12W23,173
Poludnie,W17W10W11,173
Poludnie,W17W10W13,173
Poludnie,W17W35W23,173
Lagiewniki,W20W17W11,173
Lagiewniki,W20W17W13,173
Lagiewniki,W20W22W26,173
Lagiewniki,W20W35W14,173
Tuchowska,W26W26W16,173
Tuchowska,W26W26W17,173
Tuchowska,W26W17W10,173
Tuchowska,W26W17W12,173
Tuchowska,W26W20W16,173
Tuchowska,W26W20W17,173
Blacharska,W29W45W21,173
Blacharska,W29W45W27,173
Blacharska,W29W45W30,173
Blacharska,W29W45W41,173
Blacharska,W34W41W41,173
Blacharska,W34W41W21,173
Blacharska,W34W41W27,173
Blacharska,W34W41W30,173
Blacharska,W35W17W10,173
Blacharska,W35W17W12,173
Blacharska,W35W20W16,173
Blacharska,W35W20W17,173
Blacharska,W35W26W16,173
Blacharska,W35W26W17,173
Niepolomice,W45W29W36,173
Blacharska,W48W23W35,173
Poludnie,W12W12W15,174
Poludnie,W17W17W20,174
Poludnie,W17W17W22,174
Poludnie,W17W35W15,174
Lagiewniki,W20W20W20,174
Lagiewniki,W20W20W22,174
Lagiewniki,W20W26W20,174
Lagiewniki,W20W26W22,174
Lagiewniki,W22W10W26,174
Tuchowska,W26W26W23,174
Tuchowska,W26W17W14,174
Tuchowska,W26W20W23,174
Tuchowska,W27W41W18,174
Tuchowska,W27W41W32,174
Tuchowska,W28W28W31,174
Blacharska,W29W45W45,174
Blacharska,W29W45W24,174
Blacharska,W29W45W29,174
Blacharska,W29W45W37,174
Blacharska,W29W45W38,174
Blacharska,W29W45W40,174
Blacharska,W29W45W44,174
Blacharska,W34W34W39,174
Blacharska,W34W41W24,174
Blacharska,W34W41W29,174
Blacharska,W34W41W37,174
Blacharska,W34W41W40,174
Blacharska,W34W41W44,174
Blacharska,W34W41W45,174
Blacharska,W35W17W14,174
Blacharska,W35W20W23,174
Blacharska,W35W26W23,174
Niepolomice,W45W27W27,174
Niepolomice,W45W27W21,174
Niepolomice,W45W27W30,174
Niepolomice,W45W27W41,174
Niepolomice,W45W29W33,174
Niepolomice,W45W29W42,174
Niepolomice,W45W29W43,174
Poludnie,W11W13W35,175
Poludnie,W11W15W35,175
Poludnie,W17W17W17,175
Poludnie,W17W17W16,175
Poludnie,W17W10W10,175
Poludnie,W17W10W12,175
Lagiewniki,W20W20W16,175
Lagiewniki,W20W20W17,175
Lagiewniki,W20W17W10,175
Lagiewniki,W20W17W12,175
Lagiewniki,W20W26W16,175
Lagiewniki,W20W26W17,175
Tuchowska,W26W26W15,175
Tuchowska,W26W20W15,175
Tuchowska,W27W41W36,175
Tuchowska,W27W41W39,175
Blacharska,W29W36W21,175
Blacharska,W29W36W27,175
Blacharska,W29W36W30,175
Blacharska,W29W36W41,175
Blacharska,W34W34W19,175
Blacharska,W34W34W46,175
Blacharska,W35W20W15,175
Blacharska,W35W26W15,175
Niepolomice,W45W27W24,175
Niepolomice,W45W27W29,175
Niepolomice,W45W27W37,175
Niepolomice,W45W27W38,175
Niepolomice,W45W27W40,175
Niepolomice,W45W27W44,175
Niepolomice,W45W27W45,175
Niepolomice,W45W34W28,175
Blacharska,W48W23W20,175
Blacharska,W48W23W22,175
Skawina,W2W2W2,176
Poludnie,W12W12W26,176
Poludnie,W17W17W23,176
Poludnie,W17W10W14,176
Poludnie,W17W35W26,176
Lagiewniki,W20W20W23,176
Lagiewniki,W20W17W14,176
Lagiewniki,W20W26W23,176
Tuchowska,W26W35W35,176
Tuchowska,W27W41W33,176
Tuchowska,W27W41W42,176
Tuchowska,W27W41W43,176
Blacharska,W29W36W24,176
Blacharska,W29W36W29,176
Blacharska,W29W36W37,176
Blacharska,W29W36W38,176
Blacharska,W29W36W40,176
Blacharska,W29W36W44,176
Blacharska,W29W36W45,176
Blacharska,W34W27W18,176
Blacharska,W34W27W32,176
Blacharska,W35W35W35,176
Lagiewniki,W47W23W35,176
Blacharska,W48W23W16,176
Blacharska,W48W23W17,176
Poludnie,W11W11W11,177
Poludnie,W11W11W13,177
Poludnie,W11W13W20,177
Poludnie,W11W13W22,177
Poludnie,W11W15W20,177
Poludnie,W11W15W22,177
Poludnie,W17W17W15,177
Lagiewniki,W20W20W15,177
Lagiewniki,W20W26W15,177
Tuchowska,W26W26W26,177
Tuchowska,W26W20W26,177
Blacharska,W34W27W36,177
Blacharska,W35W20W26,177
Blacharska,W35W26W26,177
Niepolomice,W45W29W21,177
Niepolomice,W45W29W27,177
Niepolomice,W45W29W30,177
Niepolomice,W45W29W41,177
Blacharska,W48W23W23,177
Poludnie,W8W48W48,178
Poludnie,W8W48W3,178
Poludnie,W8W48W9,178
Poludnie,W8W48W25,178
Poludnie,W8W48W47,178
Poludnie,W8W48W49,178
Poludnie,W8W48W50,178
Poludnie,W11W13W16,178
Poludnie,W11W13W17,178
Poludnie,W11W14W35,178
Poludnie,W11W15W16,178
Poludnie,W11W15W17,178
Lagiewniki,W20W35W35,178
Tuchowska,W26W35W20,178
Tuchowska,W26W35W22,178
Blacharska,W30W36W18,178
Blacharska,W30W36W32,178
Blacharska,W34W27W33,178
Blacharska,W34W27W42,178
Blacharska,W34W27W43,178
Blacharska,W35W35W20,178
Blacharska,W35W35W22,178
Blacharska,W36W29W18,178
Blacharska,W36W29W32,178
Niepolomice,W45W29W29,178
Niepolomice,W45W29W24,178
Niepolomice,W45W29W37,178
Niepolomice,W45W29W38,178
Niepolomice,W45W29W40,178
Niepolomice,W45W29W44,178
Niepolomice,W45W29W45,178
Niepolomice,W45W34W31,178
Lagiewniki,W47W23W20,178
Lagiewniki,W47W23W22,178
Blacharska,W48W23W15,178
Poludnie,W11W11W10,179
Poludnie,W11W11W12,179
Poludnie,W11W13W23,179
Poludnie,W11W15W23,179
Poludnie,W17W17W26,179
Lagiewniki,W20W20W26,179
Lagiewniki,W20W26W26,179
Tuchowska,W26W17W35,179
Tuchowska,W26W35W16,179
Tuchowska,W26W35W17,179
Tuchowska,W27W41W41,179
Tuchowska,W27W41W21,179
Tuchowska,W27W41W27,179
Tuchowska,W27W41W30,179
Blacharska,W30W36W36,179
Blacharska,W34W29W18,179
Blacharska,W34W29W32,179
Blacharska,W35W35W16,179
Blacharska,W35W35W17,179
Blacharska,W35W17W35,179
Blacharska,W36W29W36,179
Lagiewniki,W47W23W16,179
Lagiewniki,W47W23W17,179
Skawina,W1W49W49,180
Skawina,W1W49W3,180
Skawina,W1W49W9,180
Skawina,W1W49W25,180
Skawina,W1W49W47,180
Skawina,W1W49W48,180
Skawina,W1W49W50,180
Poludnie,W11W11W14,180
Poludnie,W11W13W15,180
Poludnie,W11W14W20,180
Poludnie,W11W14W22,180
Poludnie,W11W15W15,180
Lagiewniki,W20W35W20,180
Lagiewniki,W20W35W22,180
Tuchowska,W26W10W11,180
Tuchowska,W26W10W13,180
Tuchowska,W26W35W23,180
Tuchowska,W27W34W39,180
Tuchowska,W27W41W24,180
Tuchowska,W27W41W29,180
Tuchowska,W27W41W37,180
Tuchowska,W27W41W40,180
Tuchowska,W27W41W44,180
Tuchowska,W27W41W45,180
Blacharska,W30W36W33,180
Blacharska,W30W36W42,180
Blacharska,W30W36W43,180
Blacharska,W34W29W36,180
Blacharska,W35W35W23,180
Blacharska,W35W10W11,180
Blacharska,W35W10W13,180
Blacharska,W36W29W33,180
Blacharska,W36W29W42,180
Blacharska,W36W29W43,180
Lagiewniki,W47W23W23,180
Blacharska,W48W23W26,180
Poludnie,W11W14W16,181
Poludnie,W11W14W17,181
Poludnie,W17W10W35,181
Lagiewniki,W20W17W35,181
Lagiewniki,W20W35W16,181
Lagiewniki,W20W35W17,181
Tuchowska,W26W17W20,181
Tuchowska,W26W17W22,181
Tuchowska,W26W35W15,181
Tuchowska,W27W34W19,181
Tuchowska,W27W34W46,181
Blacharska,W34W27W27,181
Blacharska,W34W27W21,181
Blacharska,W34W27W30,181
Blacharska,W34W27W41,181
Blacharska,W34W29W33,181
Blacharska,W34W29W42,181
Blacharska,W34W29W43,181
Blacharska,W35W35W15,181
Blacharska,W35W17W20,181
Blacharska,W35W17W22,181
Lagiewniki,W47W23W15,181
Blacharska,W48W8W39,181
Skawina,W4W4W4,182
Poludnie,W11W13W26,182
Poludnie,W11W14W23,182
Poludnie,W11W15W26,182
Lagiewniki,W20W10W11,182
Lagiewniki,W20W10W13,182
Lagiewniki,W20W35W23,182
Tuchowska,W26W10W10,182
Tuchowska,W26W10W12,182
Tuchowska,W26W17W17,182
Tuchowska,W26W17W16,182
Tuchowska,W27W27W18,182
Tuchowska,W27W27W32,182
Blacharska,W34W34W28,182
Blacharska,W34W27W24,182
Blacharska,W34W27W29,182
Blacharska,W34W27W37,182
Blacharska,W34W27W38,182
Blacharska,W34W27W40,182
Blacharska,W34W27W44,182
Blacharska,W34W27W45,182
Blacharska,W35W10W10,182
Blacharska,W35W10W12,182
Blacharska,W35W17W17,182
Blacharska,W35W17W16,182
Blacharska,W48W8W19,182
Blacharska,W48W8W46,182
Poludnie,W11W14W15,183
Poludnie,W17W10W20,183
Poludnie,W17W10W22,183
Lagiewniki,W20W17W20,183
Lagiewniki,W20W17W22,183
Lagiewniki,W20W35W15,183
Tuchowska,W26W10W14,183
Tuchowska,W26W17W23,183
Tuchowska,W26W35W26,183
Tuchowska,W27W27W36,183
Blacharska,W30W36W21,183
Blacharska,W30W36W27,183
Blacharska,W30W36W30,183
Blacharska,W30W36W41,183
Blacharska,W35W35W26,183
Blacharska,W35W10W14,183
Blacharska,W35W17W23,183
Blacharska,W36W29W21,183
Blacharska,W36W29W27,183
Blacharska,W36W29W30,183
Blacharska,W36W29W41,183
Lagiewniki,W47W23W26,183
Poludnie,W9W48W48,184
Poludnie,W9W48W3,184
Poludnie,W9W48W9,184
Poludnie,W9W48W25,184
Poludnie,W9W48W47,184
Poludnie,W9W48W49,184
Poludnie,W9W48W50,184
Poludnie,W17W10W16,184
Poludnie,W17W10W17,184
Lagiewniki,W20W10W10,184
Lagiewniki,W20W10W12,184
Lagiewniki,W20W17W17,184
Lagiewniki,W20W17W16,184
Tuchowska,W26W17W15,184
Tuchowska,W27W27W33,184
Tuchowska,W27W27W42,184
Tuchowska,W27W27W43,184
Blacharska,W30W36W24,184
Blacharska,W30W36W29,184
Blacharska,W30W36W37,184
Blacharska,W30W36W38,184
Blacharska,W30W36W40,184
Blacharska,W30W36W44,184
Blacharska,W30W36W45,184
Blacharska,W34W29W21,184
Blacharska,W34W29W27,184
Blacharska,W34W29W30,184
Blacharska,W34W29W41,184
Blacharska,W35W17W15,184
Blacharska,W36W29W29,184
Blacharska,W36W29W24,184
Blacharska,W36W29W37,184
Blacharska,W36W29W38,184
Blacharska,W36W29W40,184
Blacharska,W36W29W44,184
Blacharska,W36W29W45,184
Lagiewniki,W47W8W39,184
Niepolomice,W50W23W11,184
Niepolomice,W50W23W13,184
Poludnie,W11W11W35,185
Poludnie,W11W14W26,185
Poludnie,W17W10W23,185
Lagiewniki,W20W10W14,185
Lagiewniki,W20W17W23,185
Lagiewniki,W20W35W26,185
Tuchowska,W27W29W18,185
Tuchowska,W27W29W32,185
Blacharska,W34W34W31,185
Blacharska,W34W29W29,185
Blacharska,W34W29W24,185
Blacharska,W34W29W37,185
Blacharska,W34W29W38,185
Blacharska,W34W29W40,185
Blacharska,W34W29W44,185
Blacharska,W34W29W45,185
Lagiewniki,W47W8W19,185
Lagiewniki,W47W8W46,185
Skawina,W3W49W49,186
Skawina,W3W49W3,186
Skawina,W3W49W9,186
Skawina,W3W49W25,186
Skawina,W3W49W47,186
Skawina,W3W49W48,186
Skawina,W3W49W50,186
Poludnie,W17W10W15,186
Lagiewniki,W20W17W15,186
Lagiewniki,W21W21W18,186
Lagiewniki,W21W21W32,186
Tuchowska,W26W17W26,186
Tuchowska,W27W29W36,186
Blacharska,W35W17W26,186
Niepolomice,W44W42W18,186
Niepolomice,W44W42W32,186
Niepolomice,W50W23W10,186
Niepolomice,W50W23W12,186
Poludnie,W11W11W20,187
Poludnie,W11W11W22,187
Lagiewniki,W21W21W36,187
Lagiewniki,W21W18W18,187
Lagiewniki,W21W18W32,187
Tuchowska,W27W27W27,187
Tuchowska,W27W27W21,187
Tuchowska,W27W27W30,187
Tuchowska,W27W27W41,187
Tuchowska,W27W29W33,187
Tuchowska,W27W29W42,187
Tuchowska,W27W29W43,187
Niepolomice,W44W42W36,187
Niepolomice,W44W42W39,187
Niepolomice,W50W23W14,187
Poludnie,W11W11W16,188
Poludnie,W11W11W17,188
Poludnie,W17W10W26,188
Lagiewniki,W20W17W26,188
Lagiewniki,W21W21W33,188
Lagiewniki,W21W21W42,188
Lagiewniki,W21W21W43,188
Lagiewniki,W21W18W36,188
Tuchowska,W26W10W35,188
Tuchowska,W27W27W24,188
Tuchowska,W27W27W29,188
Tuchowska,W27W27W37,188
Tuchowska,W27W27W38,188
Tuchowska,W27W27W40,188
Tuchowska,W27W27W44,188
Tuchowska,W27W27W45,188
Tuchowska,W27W34W28,188
Blacharska,W30W40W18,188
Blacharska,W30W40W32,188
Blacharska,W35W10W35,188
Niepolomice,W44W42W42,188
Niepolomice,W44W42W33,188
Niepolomice,W44W42W43,188
Poludnie,W11W11W23,189
Lagiewniki,W21W18W33,189
Lagiewniki,W21W18W42,189
Lagiewniki,W21W18W43,189
Blacharska,W30W40W36,189
Blacharska,W30W40W39,189
Blacharska,W48W8W28,189
Poludnie,W11W11W15,190
Lagiewniki,W20W10W35,190
Tuchowska,W26W10W20,190
Tuchowska,W26W10W22,190
Tuchowska,W27W29W21,190
Tuchowska,W27W29W27,190
Tuchowska,W27W29W30,190
Tuchowska,W27W29W41,190
Blacharska,W30W40W33,190
Blacharska,W30W40W42,190
Blacharska,W30W40W43,190
Blacharska,W35W10W20,190
Blacharska,W35W10W22,190
Niepolomice,W45W45W18,190
Niepolomice,W45W45W32,190
Poludnie,W8W49W49,191
Poludnie,W8W49W3,191
Poludnie,W8W49W9,191
Poludnie,W8W49W25,191
Poludnie,W8W49W47,191
Poludnie,W8W49W48,191
Poludnie,W8W49W50,191
Lagiewniki,W19W19W39,191
Lagiewniki,W21W21W21,191
Lagiewniki,W21W21W27,191
Lagiewniki,W21W21W30,191
Lagiewniki,W21W21W41,191
Tuchowska,W26W10W16,191
Tuchowska,W26W10W17,191
Tuchowska,W27W29W29,191
Tuchowska,W27W29W24,191
Tuchowska,W27W29W37,191
Tuchowska,W27W29W38,191
Tuchowska,W27W29W40,191
Tuchowska,W27W29W44,191
Tuchowska,W27W29W45,191
Tuchowska,W27W34W31,191
Blacharska,W35W10W16,191
Blacharska,W35W10W17,191
Niepolomice,W44W42W21,191
Niepolomice,W44W42W27,191
Niepolomice,W44W42W30,191
Niepolomice,W44W42W41,191
Niepolomice,W45W45W36,191
Poludnie,W11W11W26,192
Lagiewniki,W19W19W19,192
Lagiewniki,W19W19W46,192
Lagiewniki,W20W10W20,192
Lagiewniki,W20W10W22,192
Lagiewniki,W21W21W24,192
Lagiewniki,W21W21W29,192
Lagiewniki,W21W21W37,192
Lagiewniki,W21W21W38,192
Lagiewniki,W21W21W40,192
Lagiewniki,W21W21W44,192
Lagiewniki,W21W21W45,192
Lagiewniki,W21W18W21,192
Lagiewniki,W21W18W27,192
Lagiewniki,W21W18W30,192
Lagiewniki,W21W18W41,192
Tuchowska,W25W25W25,192
Tuchowska,W25W25W3,192
Tuchowska,W25W25W9,192
Tuchowska,W25W25W47,192
Tuchowska,W25W25W48,192
Tuchowska,W25W25W49,192
Tuchowska,W25W25W50,192
Tuchowska,W26W10W23,192
Blacharska,W35W10W23,192
Niepolomice,W44W42W24,192
Niepolomice,W44W42W29,192
Niepolomice,W44W42W37,192
Niepolomice,W44W42W40,192
Niepolomice,W44W42W44,192
Niepolomice,W44W42W45,192
Niepolomice,W45W45W33,192
Niepolomice,W45W45W42,192
Niepolomice,W45W45W43,192
Lagiewniki,W47W8W28,192
Blacharska,W48W8W31,192
Niepolomice,W50W23W35,192
Skawina,W1W8W8,193
Skawina,W1W8W34,193
Poludnie,W11W12W11,193
Poludnie,W11W12W13,193
Lagiewniki,W20W10W16,193
Lagiewniki,W20W10W17,193
Lagiewniki,W21W18W24,193
Lagiewniki,W21W18W29,193
Lagiewniki,W21W18W37,193
Lagiewniki,W21W18W38,193
Lagiewniki,W21W18W40,193
Lagiewniki,W21W18W44,193
Lagiewniki,W21W18W45,193
Tuchowska,W26W10W15,193
Blacharska,W30W40W21,193
Blacharska,W30W40W27,193
Blacharska,W30W40W30,193
Blacharska,W30W40W41,193
Blacharska,W35W10W15,193
Skawina,W1W8W1,194
Lagiewniki,W20W10W23,194
Blacharska,W30W40W40,194
Blacharska,W30W40W24,194
Blacharska,W30W40W29,194
Blacharska,W30W40W37,194
Blacharska,W30W40W44,194
Blacharska,W30W40W45,194
Blacharska,W48W9W9,194
Blacharska,W48W9W3,194
Blacharska,W48W9W25,194
Blacharska,W48W9W47,194
Blacharska,W48W9W48,194
Blacharska,W48W9W49,194
Blacharska,W48W9W50,194
Niepolomice,W50W23W20,194
Niepolomice,W50W23W22,194
Poludnie,W11W12W12,195
Poludnie,W11W12W10,195
Lagiewniki,W20W10W15,195
Tuchowska,W26W10W26,195
Blacharska,W35W10W26,195
Niepolomice,W45W45W21,195
Niepolomice,W45W45W27,195
Niepolomice,W45W45W30,195
Niepolomice,W45W45W41,195
Lagiewniki,W47W8W31,195
Blacharska,W48W1W39,195
Blacharska,W48W47W47,195
Blacharska,W48W47W3,195
Blacharska,W48W47W9,195
Blacharska,W48W47W25,195
Blacharska,W48W47W48,195
Blacharska,W48W47W49,195
Blacharska,W48W47W50,195
Niepolomice,W50W23W16,195
Niepolomice,W50W23W17,195
Poludnie,W11W12W14,196
Blacharska,W30W24W18,196
Blacharska,W30W24W32,196
Niepolomice,W45W45W45,196
Niepolomice,W45W45W24,196
Niepolomice,W45W45W29,196
Niepolomice,W45W45W37,196
Niepolomice,W45W45W38,196
Niepolomice,W45W45W40,196
Niepolomice,W45W45W44,196
Blacharska,W48W1W19,196
Blacharska,W48W1W46,196
Blacharska,W48W3W3,196
Blacharska,W48W3W9,196
Blacharska,W48W3W25,196
Blacharska,W48W3W47,196
Blacharska,W48W3W48,196
Blacharska,W48W3W49,196
Blacharska,W48W3W50,196
Niepolomice,W50W23W23,196
Poludnie,W9W49W49,197
Poludnie,W9W49W3,197
Poludnie,W9W49W9,197
Poludnie,W9W49W25,197
Poludnie,W9W49W47,197
Poludnie,W9W49W48,197
Poludnie,W9W49W50,197
Lagiewniki,W20W10W26,197
Blacharska,W30W24W36,197
Blacharska,W34W45W18,197
Blacharska,W34W45W32,197
Lagiewniki,W47W9W9,197
Lagiewniki,W47W9W3,197
Lagiewniki,W47W9W25,197
Lagiewniki,W47W9W47,197
Lagiewniki,W47W9W48,197
Lagiewniki,W47W9W49,197
Lagiewniki,W47W9W50,197
Niepolomice,W50W23W15,197
Blacharska,W30W24W33,198
Blacharska,W30W24W42,198
Blacharska,W30W24W43,198
Blacharska,W34W45W36,198
Blacharska,W36W36W18,198
Blacharska,W36W36W32,198
Lagiewniki,W47W47W47,198
Lagiewniki,W47W47W3,198
Lagiewniki,W47W47W9,198
Lagiewniki,W47W47W25,198
Lagiewniki,W47W47W48,198
Lagiewniki,W47W47W49,198
Lagiewniki,W47W47W50,198
Lagiewniki,W47W1W39,198
Blacharska,W48W50W50,198
Blacharska,W48W50W3,198
Blacharska,W48W50W9,198
Blacharska,W48W50W25,198
Blacharska,W48W50W47,198
Blacharska,W48W50W48,198
Blacharska,W48W50W49,198
Skawina,W3W8W8,199
Skawina,W3W8W34,199
Lagiewniki,W19W19W28,199
Lagiewniki,W19W28W39,199
Blacharska,W34W45W33,199
Blacharska,W34W45W42,199
Blacharska,W34W45W43,199
Blacharska,W36W36W36,199
Lagiewniki,W47W1W19,199
Lagiewniki,W47W1W46,199
Lagiewniki,W47W3W3,199
Lagiewniki,W47W3W9,199
Lagiewniki,W47W3W25,199
Lagiewniki,W47W3W47,199
Lagiewniki,W47W3W48,199
Lagiewniki,W47W3W49,199
Lagiewniki,W47W3W50,199
Niepolomice,W50W23W26,199
Skawina,W3W8W1,200
Lagiewniki,W19W28W19,200
Lagiewniki,W19W28W46,200
Tuchowska,W24W40W18,200
Tuchowska,W24W40W32,200
Blacharska,W30W30W18,200
Blacharska,W30W30W32,200
Blacharska,W36W36W33,200
Blacharska,W36W36W42,200
Blacharska,W36W36W43,200
Niepolomice,W44W39W39,200
Niepolomice,W50W8W39,200
Poludnie,W11W12W35,201
Tuchowska,W24W40W36,201
Tuchowska,W24W40W39,201
Blacharska,W30W30W36,201
Blacharska,W30W24W21,201
Blacharska,W30W24W27,201
Blacharska,W30W24W30,201
Blacharska,W30W24W41,201
Niepolomice,W44W39W19,201
Niepolomice,W44W39W46,201
Lagiewniki,W47W50W50,201
Lagiewniki,W47W50W3,201
Lagiewniki,W47W50W9,201
Lagiewniki,W47W50W25,201
Lagiewniki,W47W50W47,201
Lagiewniki,W47W50W48,201
Lagiewniki,W47W50W49,201
Niepolomice,W50W8W19,201
Niepolomice,W50W8W46,201
Lagiewniki,W19W19W31,202
Tuchowska,W24W40W33,202
Tuchowska,W24W40W42,202
Tuchowska,W24W40W43,202
Blacharska,W30W30W33,202
Blacharska,W30W30W42,202
Blacharska,W30W30W43,202
Blacharska,W30W24W24,202
Blacharska,W30W24W29,202
Blacharska,W30W24W37,202
Blacharska,W30W24W38,202
Blacharska,W30W24W40,202
Blacharska,W30W24W44,202
Blacharska,W30W24W45,202
Blacharska,W34W45W21,202
Blacharska,W34W45W27,202
Blacharska,W34W45W30,202
Blacharska,W34W45W41,202
Niepolomice,W43W33W18,202
Niepolomice,W43W33W32,202
Niepolomice,W46W33W18,202
Niepolomice,W46W33W32,202
Poludnie,W11W12W20,203
Poludnie,W11W12W22,203
Tuchowska,W27W45W18,203
Tuchowska,W27W45W32,203
Blacharska,W34W45W45,203
Blacharska,W34W45W24,203
Blacharska,W34W45W29,203
Blacharska,W34W45W37,203
Blacharska,W34W45W38,203
Blacharska,W34W45W40,203
Blacharska,W34W45W44,203
Blacharska,W36W36W21,203
Blacharska,W36W36W27,203
Blacharska,W36W36W30,203
Blacharska,W36W36W41,203
Niepolomice,W43W33W36,203
Niepolomice,W46W33W36,203
Blacharska,W48W1W28,203
Poludnie,W8W8W8,204
Poludnie,W8W8W34,204
Poludnie,W11W12W16,204
Poludnie,W11W12W17,204
Tuchowska,W27W45W36,204
Blacharska,W33W33W18,204
Blacharska,W33W33W32,204
Blacharska,W36W36W24,204
Blacharska,W36W36W29,204
Blacharska,W36W36W37,204
Blacharska,W36W36W38,204
Blacharska,W36W36W40,204
Blacharska,W36W36W44,204
Blacharska,W36W36W45,204
Niepolomice,W43W33W33,204
Niepolomice,W43W33W42,204
Niepolomice,W43W33W43,204
Niepolomice,W46W33W33,204
Niepolomice,W46W33W42,204
Niepolomice,W46W33W43,204
Poludnie,W8W8W1,205
Poludnie,W11W12W23,205
Tuchowska,W24W40W21,205
Tuchowska,W24W40W27,205
Tuchowska,W24W40W30,205
Tuchowska,W24W40W41,205
Tuchowska,W27W45W33,205
Tuchowska,W27W45W42,205
Tuchowska,W27W45W43,205
Blacharska,W30W30W30,205
Blacharska,W30W30W21,205
Blacharska,W30W30W27,205
Blacharska,W30W30W41,205
Blacharska,W33W33W36,205
Poludnie,W11W12W15,206
Tuchowska,W24W40W40,206
Tuchowska,W24W40W24,206
Tuchowska,W24W40W29,206
Tuchowska,W24W40W37,206
Tuchowska,W24W40W44,206
Tuchowska,W24W40W45,206
Blacharska,W30W30W24,206
Blacharska,W30W30W29,206
Blacharska,W30W30W37,206
Blacharska,W30W30W38,206
Blacharska,W30W30W40,206
Blacharska,W30W30W44,206
Blacharska,W30W30W45,206
Blacharska,W33W33W33,206
Blacharska,W33W33W42,206
Blacharska,W33W33W43,206
Niepolomice,W43W37W18,206
Niepolomice,W43W37W32,206
Niepolomice,W46W37W18,206
Niepolomice,W46W37W32,206
Lagiewniki,W47W1W28,206
Blacharska,W48W1W31,206
Skawina,W1W1W8,207
Skawina,W1W1W34,207
Lagiewniki,W19W28W28,207
Blacharska,W30W38W18,207
Blacharska,W30W38W32,207
Niepolomice,W43W33W21,207
Niepolomice,W43W33W27,207
Niepolomice,W43W33W30,207
Niepolomice,W43W33W41,207
Niepolomice,W43W37W36,207
Niepolomice,W46W33W21,207
Niepolomice,W46W33W27,207
Niepolomice,W46W33W30,207
Niepolomice,W46W33W41,207
Niepolomice,W46W37W36,207
Skawina,W1W1W1,208
Poludnie,W11W12W26,208
Tuchowska,W24W24W18,208
Tuchowska,W24W24W32,208
Tuchowska,W27W45W21,208
Tuchowska,W27W45W27,208
Tuchowska,W27W45W30,208
Tuchowska,W27W45W41,208
Blacharska,W30W38W36,208
Blacharska,W33W37W18,208
Blacharska,W33W37W32,208
Blacharska,W36W40W18,208
Blacharska,W36W40W32,208
Niepolomice,W43W33W24,208
Niepolomice,W43W33W29,208
Niepolomice,W43W33W37,208
Niepolomice,W43W33W38,208
Niepolomice,W43W33W40,208
Niepolomice,W43W33W44,208
Niepolomice,W43W33W45,208
Niepolomice,W43W37W33,208
Niepolomice,W43W37W42,208
Niepolomice,W43W37W43,208
Niepolomice,W44W39W28,208
Niepolomice,W46W33W24,208
Niepolomice,W46W33W29,208
Niepolomice,W46W33W37,208
Niepolomice,W46W33W38,208
Niepolomice,W46W33W40,208
Niepolomice,W46W33W44,208
Niepolomice,W46W33W45,208
Niepolomice,W46W37W33,208
Niepolomice,W46W37W42,208
Niepolomice,W46W37W43,208
Niepolomice,W50W8W28,208
Tuchowska,W24W24W36,209
Tuchowska,W27W45W45,209
Tuchowska,W27W45W24,209
Tuchowska,W27W45W29,209
Tuchowska,W27W45W37,209
Tuchowska,W27W45W38,209
Tuchowska,W27W45W40,209
Tuchowska,W27W45W44,209
Blacharska,W30W38W33,209
Blacharska,W30W38W42,209
Blacharska,W30W38W43,209
Blacharska,W33W33W21,209
Blacharska,W33W33W27,209
Blacharska,W33W33W30,209
Blacharska,W33W33W41,209
Blacharska,W33W37W36,209
Blacharska,W36W40W36,209
Blacharska,W36W40W39,209
Niepolomice,W44W31W39,209
Lagiewniki,W47W1W31,209
Poludnie,W9W8W8,210
Poludnie,W9W8W34,210
Lagiewniki,W19W28W31,210
Tuchowska,W24W24W33,210
Tuchowska,W24W24W42,210
Tuchowska,W24W24W43,210
Blacharska,W33W33W24,210
Blacharska,W33W33W29,210
Blacharska,W33W33W37,210
Blacharska,W33W33W38,210
Blacharska,W33W33W40,210
Blacharska,W33W33W44,210
Blacharska,W33W33W45,210
Blacharska,W33W37W33,210
Blacharska,W33W37W42,210
Blacharska,W33W37W43,210
Blacharska,W36W40W33,210
Blacharska,W36W40W42,210
Blacharska,W36W40W43,210
Niepolomice,W44W31W19,210
Niepolomice,W44W31W46,210
Poludnie,W9W8W1,211
Niepolomice,W43W37W21,211
Niepolomice,W43W37W27,211
Niepolomice,W43W37W30,211
Niepolomice,W43W37W41,211
Niepolomice,W44W39W31,211
Niepolomice,W46W37W21,211
Niepolomice,W46W37W27,211
Niepolomice,W46W37W30,211
Niepolomice,W46W37W41,211
Niepolomice,W50W8W31,211
Tuchowska,W24W30W18,212
Tuchowska,W24W30W32,212
Blacharska,W30W38W21,212
Blacharska,W30W38W27,212
Blacharska,W30W38W30,212
Blacharska,W30W38W41,212
Niepolomice,W43W37W37,212
Niepolomice,W43W37W24,212
Niepolomice,W43W37W29,212
Niepolomice,W43W37W38,212
Niepolomice,W43W37W40,212
Niepolomice,W43W37W44,212
Niepolomice,W43W37W45,212
Niepolomice,W46W37W37,212
Niepolomice,W46W37W24,212
Niepolomice,W46W37W29,212
Niepolomice,W46W37W38,212
Niepolomice,W46W37W40,212
Niepolomice,W46W37W44,212
Niepolomice,W46W37W45,212
Skawina,W3W1W8,213
Skawina,W3W1W34,213
Tuchowska,W24W24W21,213
Tuchowska,W24W24W27,213
Tuchowska,W24W24W30,213
Tuchowska,W24W24W41,213
Tuchowska,W24W30W36,213
Blacharska,W29W34W34,213
Blacharska,W29W34W8,213
Blacharska,W30W38W38,213
Blacharska,W30W38W24,213
Blacharska,W30W38W29,213
Blacharska,W30W38W37,213
Blacharska,W30W38W40,213
Blacharska,W30W38W44,213
Blacharska,W30W38W45,213
Blacharska,W33W37W21,213
Blacharska,W33W37W27,213
Blacharska,W33W37W30,213
Blacharska,W33W37W41,213
Blacharska,W36W40W21,213
Blacharska,W36W40W27,213
Blacharska,W36W40W30,213
Blacharska,W36W40W41,213
Niepolomice,W50W9W9,213
Niepolomice,W50W9W3,213
Niepolomice,W50W9W25,213
Niepolomice,W50W9W47,213
Niepolomice,W50W9W48,213
Niepolomice,W50W9W49,213
Niepolomice,W50W9W50,213
Skawina,W3W1W1,214
Tuchowska,W24W24W24,214
Tuchowska,W24W24W29,214
Tuchowska,W24W24W37,214
Tuchowska,W24W24W38,214
Tuchowska,W24W24W40,214
Tuchowska,W24W24W44,214
Tuchowska,W24W24W45,214
Tuchowska,W24W30W33,214
Tuchowska,W24W30W42,214
Tuchowska,W24W30W43,214
Blacharska,W29W34W1,214
Blacharska,W33W37W37,214
Blacharska,W33W37W24,214
Blacharska,W33W37W29,214
Blacharska,W33W37W38,214
Blacharska,W33W37W40,214
Blacharska,W33W37W44,214
Blacharska,W33W37W45,214
Blacharska,W36W40W40,214
Blacharska,W36W40W24,214
Blacharska,W36W40W29,214
Blacharska,W36W40W37,214
Blacharska,W36W40W44,214
Blacharska,W36W40W45,214
Niepolomice,W50W1W39,214
Niepolomice,W50W47W47,214
Niepolomice,W50W47W3,214
Niepolomice,W50W47W9,214
Niepolomice,W50W47W25,214
Niepolomice,W50W47W48,214
Niepolomice,W50W47W49,214
Niepolomice,W50W47W50,214
Niepolomice,W50W1W19,215
Niepolomice,W50W1W46,215
Niepolomice,W50W3W3,215
Niepolomice,W50W3W9,215
Niepolomice,W50W3W25,215
Niepolomice,W50W3W47,215
Niepolomice,W50W3W48,215
Niepolomice,W50W3W49,215
Niepolomice,W50W3W50,215
Blacharska,W36W24W18,216
Blacharska,W36W24W32,216
Tuchowska,W24W30W30,217
Tuchowska,W24W30W21,217
Tuchowska,W24W30W27,217
Tuchowska,W24W30W41,217
Blacharska,W36W24W36,217
Niepolomice,W43W43W18,217
Niepolomice,W43W43W32,217
Niepolomice,W44W31W28,217
Niepolomice,W46W43W18,217
Niepolomice,W46W43W32,217
Niepolomice,W50W50W50,217
Niepolomice,W50W50W3,217
Niepolomice,W50W50W9,217
Niepolomice,W50W50W25,217
Niepolomice,W50W50W47,217
Niepolomice,W50W50W48,217
Niepolomice,W50W50W49,217
Poludnie,W8W1W8,218
Poludnie,W8W1W34,218
Tuchowska,W24W30W24,218
Tuchowska,W24W30W29,218
Tuchowska,W24W30W37,218
Tuchowska,W24W30W38,218
Tuchowska,W24W30W40,218
Tuchowska,W24W30W44,218
Tuchowska,W24W30W45,218
Blacharska,W31W40W18,218
Blacharska,W31W40W32,218
Blacharska,W36W24W33,218
Blacharska,W36W24W42,218
Blacharska,W36W24W43,218
Niepolomice,W43W43W36,218
Niepolomice,W45W25W25,218
Niepolomice,W45W25W3,218
Niepolomice,W45W25W9,218
Niepolomice,W45W25W47,218
Niepolomice,W45W25W48,218
Niepolomice,W45W25W49,218
Niepolomice,W45W25W50,218
Niepolomice,W46W43W36,218
Poludnie,W8W1W1,219
Tuchowska,W24W38W18,219
Tuchowska,W24W38W32,219
Blacharska,W31W40W36,219
Blacharska,W31W40W39,219
Blacharska,W33W43W18,219
Blacharska,W33W43W32,219
Niepolomice,W43W43W43,219
Niepolomice,W43W43W33,219
Niepolomice,W43W43W42,219
Niepolomice,W46W43W43,219
Niepolomice,W46W43W33,219
Niepolomice,W46W43W42,219
Tuchowska,W24W38W36,220
Blacharska,W31W40W33,220
Blacharska,W31W40W42,220
Blacharska,W31W40W43,220
Blacharska,W33W43W36,220
Blacharska,W36W30W18,220
Blacharska,W36W30W32,220
Niepolomice,W44W31W31,220
Tuchowska,W24W38W33,221
Tuchowska,W24W38W42,221
Tuchowska,W24W38W43,221
Blacharska,W32W33W18,221
Blacharska,W32W33W32,221
Blacharska,W33W43W43,221
Blacharska,W33W43W33,221
Blacharska,W33W43W42,221
Blacharska,W36W24W21,221
Blacharska,W36W24W27,221
Blacharska,W36W24W30,221
Blacharska,W36W24W41,221
Blacharska,W36W30W36,221
Niepolomice,W44W44W18,221
Niepolomice,W44W44W32,221
Blacharska,W32W33W36,222
Blacharska,W36W24W24,222
Blacharska,W36W24W29,222
Blacharska,W36W24W37,222
Blacharska,W36W24W38,222
Blacharska,W36W24W40,222
Blacharska,W36W24W44,222
Blacharska,W36W24W45,222
Blacharska,W36W30W33,222
Blacharska,W36W30W42,222
Blacharska,W36W30W43,222
Niepolomice,W43W43W21,222
Niepolomice,W43W43W27,222
Niepolomice,W43W43W30,222
Niepolomice,W43W43W41,222
Niepolomice,W44W44W36,222
Niepolomice,W46W43W21,222
Niepolomice,W46W43W27,222
Niepolomice,W46W43W30,222
Niepolomice,W46W43W41,222
Niepolomice,W50W1W28,222
Tuchowska,W28W19W8,223
Tuchowska,W28W19W34,223
Blacharska,W31W40W21,223
Blacharska,W31W40W27,223
Blacharska,W31W40W30,223
Blacharska,W31W40W41,223
Blacharska,W32W33W33,223
Blacharska,W32W33W42,223
Blacharska,W32W33W43,223
Niepolomice,W43W43W24,223
Niepolomice,W43W43W29,223
Niepolomice,W43W43W37,223
Niepolomice,W43W43W38,223
Niepolomice,W43W43W40,223
Niepolomice,W43W43W44,223
Niepolomice,W43W43W45,223
Niepolomice,W44W44W33,223
Niepolomice,W44W44W42,223
Niepolomice,W44W44W43,223
Niepolomice,W46W43W24,223
Niepolomice,W46W43W29,223
Niepolomice,W46W43W37,223
Niepolomice,W46W43W38,223
Niepolomice,W46W43W40,223
Niepolomice,W46W43W44,223
Niepolomice,W46W43W45,223
Blacharska,W48W48W48,223
Blacharska,W48W48W3,223
Blacharska,W48W48W9,223
Blacharska,W48W48W25,223
Blacharska,W48W48W47,223
Blacharska,W48W48W49,223
Blacharska,W48W48W50,223
Poludnie,W9W1W8,224
Poludnie,W9W1W34,224
Tuchowska,W24W38W21,224
Tuchowska,W24W38W27,224
Tuchowska,W24W38W30,224
Tuchowska,W24W38W41,224
Tuchowska,W28W19W1,224
Blacharska,W31W40W40,224
Blacharska,W31W40W24,224
Blacharska,W31W40W29,224
Blacharska,W31W40W37,224
Blacharska,W31W40W44,224
Blacharska,W31W40W45,224
Blacharska,W33W43W21,224
Blacharska,W33W43W27,224
Blacharska,W33W43W30,224
Blacharska,W33W43W41,224
Poludnie,W9W1W1,225
Tuchowska,W24W38W38,225
Tuchowska,W24W38W24,225
Tuchowska,W24W38W29,225
Tuchowska,W24W38W37,225
Tuchowska,W24W38W40,225
Tuchowska,W24W38W44,225
Tuchowska,W24W38W45,225
Blacharska,W32W37W18,225
Blacharska,W32W37W32,225
Blacharska,W33W43W24,225
Blacharska,W33W43W29,225
Blacharska,W33W43W37,225
Blacharska,W33W43W38,225
Blacharska,W33W43W40,225
Blacharska,W33W43W44,225
Blacharska,W33W43W45,225
Blacharska,W36W30W30,225
Blacharska,W36W30W21,225
Blacharska,W36W30W27,225
Blacharska,W36W30W41,225
Niepolomice,W50W1W31,225
Blacharska,W31W24W18,226
Blacharska,W31W24W32,226
Blacharska,W32W33W21,226
Blacharska,W32W33W27,226
Blacharska,W32W33W30,226
Blacharska,W32W33W41,226
Blacharska,W32W37W36,226
Blacharska,W36W30W24,226
Blacharska,W36W30W29,226
Blacharska,W36W30W37,226
Blacharska,W36W30W38,226
Blacharska,W36W30W40,226
Blacharska,W36W30W44,226
Blacharska,W36W30W45,226
Niepolomice,W44W44W21,226
Niepolomice,W44W44W27,226
Niepolomice,W44W44W30,226
Niepolomice,W44W44W41,226
Lagiewniki,W47W48W48,226
Lagiewniki,W47W48W3,226
Lagiewniki,W47W48W9,226
Lagiewniki,W47W48W25,226
Lagiewniki,W47W48W47,226
Lagiewniki,W47W48W49,226
Lagiewniki,W47W48W50,226
Blacharska,W31W24W36,227
Blacharska,W32W33W24,227
Blacharska,W32W33W29,227
Blacharska,W32W33W37,227
Blacharska,W32W33W38,227
Blacharska,W32W33W40,227
Blacharska,W32W33W44,227
Blacharska,W32W33W45,227
Blacharska,W32W37W33,227
Blacharska,W32W37W42,227
Blacharska,W32W37W43,227
Blacharska,W36W38W18,227
Blacharska,W36W38W32,227
Niepolomice,W44W44W44,227
Niepolomice,W44W44W24,227
Niepolomice,W44W44W29,227
Niepolomice,W44W44W37,227
Niepolomice,W44W44W38,227
Niepolomice,W44W44W40,227
Niepolomice,W44W44W45,227
Blacharska,W31W24W33,228
Blacharska,W31W24W42,228
Blacharska,W31W24W43,228
Blacharska,W36W38W36,228
Blacharska,W36W38W33,229
Blacharska,W36W38W42,229
Blacharska,W36W38W43,229
Blacharska,W31W42W18,230
Blacharska,W31W42W32,230
Blacharska,W32W37W21,230
Blacharska,W32W37W27,230
Blacharska,W32W37W30,230
Blacharska,W32W37W41,230
Tuchowska,W28W28W8,231
Tuchowska,W28W28W34,231
Blacharska,W31W24W21,231
Blacharska,W31W24W27,231
Blacharska,W31W24W30,231
Blacharska,W31W24W41,231
Blacharska,W31W42W36,231
Blacharska,W31W42W39,231
Blacharska,W32W37W37,231
Blacharska,W32W37W24,231
Blacharska,W32W37W29,231
Blacharska,W32W37W38,231
Blacharska,W32W37W40,231
Blacharska,W32W37W44,231
Blacharska,W32W37W45,231
Tuchowska,W28W28W1,232
Blacharska,W31W24W24,232
Blacharska,W31W24W29,232
Blacharska,W31W24W37,232
Blacharska,W31W24W38,232
Blacharska,W31W24W40,232
Blacharska,W31W24W44,232
Blacharska,W31W24W45,232
Blacharska,W31W42W42,232
Blacharska,W31W42W33,232
Blacharska,W31W42W43,232
Blacharska,W36W38W21,232
Blacharska,W36W38W27,232
Blacharska,W36W38W30,232
Blacharska,W36W38W41,232
Blacharska,W36W38W38,233
Blacharska,W36W38W24,233
Blacharska,W36W38W29,233
Blacharska,W36W38W37,233
Blacharska,W36W38W40,233
Blacharska,W36W38W44,233
Blacharska,W36W38W45,233
Tuchowska,W24W31W39,235
Blacharska,W31W42W21,235
Blacharska,W31W42W27,235
Blacharska,W31W42W30,235
Blacharska,W31W42W41,235
Niepolomice,W45W34W34,235
Niepolomice,W45W34W8,235
Tuchowska,W24W31W19,236
Tuchowska,W24W31W46,236
Blacharska,W31W42W24,236
Blacharska,W31W42W29,236
Blacharska,W31W42W37,236
Blacharska,W31W42W40,236
Blacharska,W31W42W44,236
Blacharska,W31W42W45,236
Blacharska,W32W43W18,236
Blacharska,W32W43W32,236
Niepolomice,W45W34W1,236
Blacharska,W48W49W49,236
Blacharska,W48W49W3,236
Blacharska,W48W49W9,236
Blacharska,W48W49W25,236
Blacharska,W48W49W47,236
Blacharska,W48W49W48,236
Blacharska,W48W49W50,236
Blacharska,W31W38W18,237
Blacharska,W31W38W32,237
Blacharska,W32W43W36,237
Blacharska,W31W38W36,238
Blacharska,W32W43W43,238
Blacharska,W32W43W33,238
Blacharska,W32W43W42,238
Blacharska,W31W38W33,239
Blacharska,W31W38W42,239
Blacharska,W31W38W43,239
Lagiewniki,W47W49W49,239
Lagiewniki,W47W49W3,239
Lagiewniki,W47W49W9,239
Lagiewniki,W47W49W25,239
Lagiewniki,W47W49W47,239
Lagiewniki,W47W49W48,239
Lagiewniki,W47W49W50,239
Niepolomice,W43W46W39,240
Niepolomice,W46W46W39,240
Blacharska,W32W43W21,241
Blacharska,W32W43W27,241
Blacharska,W32W43W30,241
Blacharska,W32W43W41,241
Niepolomice,W43W46W46,241
Niepolomice,W43W46W19,241
Niepolomice,W46W46W46,241
Niepolomice,W46W46W19,241
Blacharska,W31W38W21,242
Blacharska,W31W38W27,242
Blacharska,W31W38W30,242
Blacharska,W31W38W41,242
Blacharska,W32W43W24,242
Blacharska,W32W43W29,242
Blacharska,W32W43W37,242
Blacharska,W32W43W38,242
Blacharska,W32W43W40,242
Blacharska,W32W43W44,242
Blacharska,W32W43W45,242
Blacharska,W33W46W39,242
Blacharska,W34W34W34,242
Blacharska,W34W34W8,242
Niepolomice,W50W48W48,242
Niepolomice,W50W48W3,242
Niepolomice,W50W48W9,242
Niepolomice,W50W48W25,242
Niepolomice,W50W48W47,242
Niepolomice,W50W48W49,242
Niepolomice,W50W48W50,242
Tuchowska,W24W31W28,243
Blacharska,W31W38W38,243
Blacharska,W31W38W24,243
Blacharska,W31W38W29,243
Blacharska,W31W38W37,243
Blacharska,W31W38W40,243
Blacharska,W31W38W44,243
Blacharska,W31W38W45,243
Blacharska,W33W46W46,243
Blacharska,W33W46W19,243
Blacharska,W34W34W1,243
Blacharska,W31W39W39,244
Blacharska,W31W39W19,245
Blacharska,W31W39W46,245
Tuchowska,W24W31W31,246
Tuchowska,W23W23W11,247
Tuchowska,W23W23W13,247
Tuchowska,W27W34W34,248
Tuchowska,W27W34W8,248
Niepolomice,W43W46W28,248
Niepolomice,W46W46W28,248
Tuchowska,W23W23W10,249
Tuchowska,W23W23W12,249
Tuchowska,W27W34W1,249
Blacharska,W48W8W8,249
Blacharska,W48W8W34,249
Tuchowska,W23W23W14,250
Blacharska,W33W46W28,250
Blacharska,W48W8W1,250
Niepolomice,W43W46W31,251
Niepolomice,W46W46W31,251
Blacharska,W31W39W28,252
Lagiewniki,W47W8W8,252
Lagiewniki,W47W8W34,252
Blacharska,W31W31W39,253
Blacharska,W33W46W31,253
Lagiewniki,W47W8W1,253
Blacharska,W31W31W19,254
Blacharska,W31W31W46,254
Tuchowska,W23W23W35,255
Blacharska,W31W39W31,255
Niepolomice,W50W49W49,255
Niepolomice,W50W49W3,255
Niepolomice,W50W49W9,255
Niepolomice,W50W49W25,255
Niepolomice,W50W49W47,255
Niepolomice,W50W49W48,255
Niepolomice,W50W49W50,255
Tuchowska,W23W23W20,257
Tuchowska,W23W23W22,257
Tuchowska,W23W23W16,258
Tuchowska,W23W23W17,258
Lagiewniki,W19W19W8,259
Lagiewniki,W19W19W34,259
Tuchowska,W23W23W23,259
Blacharska,W32W46W39,259
Lagiewniki,W19W19W1,260
Tuchowska,W23W23W15,260
Blacharska,W32W46W46,260
Blacharska,W32W46W19,260
Blacharska,W31W31W28,261
Tuchowska,W23W23W26,262
Niepolomice,W43W32W32,262
Niepolomice,W43W32W18,262
Niepolomice,W46W32W32,262
Niepolomice,W46W32W18,262
Tuchowska,W23W8W39,263
Niepolomice,W43W32W36,263
Niepolomice,W46W32W36,263
Blacharska,W48W1W8,263
Blacharska,W48W1W34,263
Tuchowska,W23W8W19,264
Tuchowska,W23W8W46,264
Blacharska,W31W31W31,264
Blacharska,W33W32W32,264
Blacharska,W33W32W18,264
Niepolomice,W43W32W33,264
Niepolomice,W43W32W42,264
Niepolomice,W43W32W43,264
Niepolomice,W46W32W33,264
Niepolomice,W46W32W42,264
Niepolomice,W46W32W43,264
Blacharska,W48W1W1,264
Blacharska,W31W44W18,265
Blacharska,W31W44W32,265
Blacharska,W33W32W36,265
Blacharska,W31W44W36,266
Blacharska,W33W32W33,266
Blacharska,W33W32W42,266
Blacharska,W33W32W43,266
Lagiewniki,W47W1W8,266
Lagiewniki,W47W1W34,266
Lagiewniki,W19W28W8,267
Lagiewniki,W19W28W34,267
Blacharska,W31W44W33,267
Blacharska,W31W44W42,267
Blacharska,W31W44W43,267
Blacharska,W32W46W28,267
Niepolomice,W43W32W21,267
Niepolomice,W43W32W27,267
Niepolomice,W43W32W30,267
Niepolomice,W43W32W41,267
Niepolomice,W46W32W21,267
Niepolomice,W46W32W27,267
Niepolomice,W46W32W30,267
Niepolomice,W46W32W41,267
Lagiewniki,W47W1W1,267
Lagiewniki,W19W28W1,268
Niepolomice,W43W32W24,268
Niepolomice,W43W32W29,268
Niepolomice,W43W32W37,268
Niepolomice,W43W32W38,268
Niepolomice,W43W32W40,268
Niepolomice,W43W32W44,268
Niepolomice,W43W32W45,268
Niepolomice,W44W39W8,268
Niepolomice,W44W39W34,268
Niepolomice,W46W32W24,268
Niepolomice,W46W32W29,268
Niepolomice,W46W32W37,268
Niepolomice,W46W32W38,268
Niepolomice,W46W32W40,268
Niepolomice,W46W32W44,268
Niepolomice,W46W32W45,268
Niepolomice,W50W8W8,268
Niepolomice,W50W8W34,268
Blacharska,W33W32W21,269
Blacharska,W33W32W27,269
Blacharska,W33W32W30,269
Blacharska,W33W32W41,269
Niepolomice,W44W39W1,269
Niepolomice,W50W8W1,269
Blacharska,W31W44W21,270
Blacharska,W31W44W27,270
Blacharska,W31W44W30,270
Blacharska,W31W44W41,270
Blacharska,W32W46W31,270
Blacharska,W33W32W24,270
Blacharska,W33W32W29,270
Blacharska,W33W32W37,270
Blacharska,W33W32W38,270
Blacharska,W33W32W40,270
Blacharska,W33W32W44,270
Blacharska,W33W32W45,270
Tuchowska,W23W8W28,271
Blacharska,W31W44W44,271
Blacharska,W31W44W24,271
Blacharska,W31W44W29,271
Blacharska,W31W44W37,271
Blacharska,W31W44W38,271
Blacharska,W31W44W40,271
Blacharska,W31W44W45,271
Biezanow,W41W41W18,271
Biezanow,W41W41W32,271
Biezanow,W41W41W36,272
Biezanow,W41W41W39,272
Biezanow,W41W41W33,273
Biezanow,W41W41W42,273
Biezanow,W41W41W43,273
Tuchowska,W23W8W31,274
Tuchowska,W23W9W9,276
Tuchowska,W23W9W3,276
Tuchowska,W23W9W25,276
Tuchowska,W23W9W47,276
Tuchowska,W23W9W48,276
Tuchowska,W23W9W49,276
Tuchowska,W23W9W50,276
Biezanow,W41W41W41,276
Biezanow,W41W41W21,276
Biezanow,W41W41W27,276
Biezanow,W41W41W30,276
Tuchowska,W23W1W39,277
Tuchowska,W23W47W47,277
Tuchowska,W23W47W3,277
Tuchowska,W23W47W9,277
Tuchowska,W23W47W25,277
Tuchowska,W23W47W48,277
Tuchowska,W23W47W49,277
Tuchowska,W23W47W50,277
Biezanow,W41W41W24,277
Biezanow,W41W41W29,277
Biezanow,W41W41W37,277
Biezanow,W41W41W40,277
Biezanow,W41W41W44,277
Biezanow,W41W41W45,277
Biezanow,W41W34W39,277
Niepolomice,W44W31W8,277
Niepolomice,W44W31W34,277
Tuchowska,W23W1W19,278
Tuchowska,W23W1W46,278
Tuchowska,W23W3W3,278
Tuchowska,W23W3W9,278
Tuchowska,W23W3W25,278
Tuchowska,W23W3W47,278
Tuchowska,W23W3W48,278
Tuchowska,W23W3W49,278
Tuchowska,W23W3W50,278
Biezanow,W41W34W19,278
Biezanow,W41W34W46,278
Niepolomice,W44W31W1,278
Biezanow,W41W27W18,279
Biezanow,W41W27W32,279
Tuchowska,W23W50W50,280
Tuchowska,W23W50W3,280
Tuchowska,W23W50W9,280
Tuchowska,W23W50W25,280
Tuchowska,W23W50W47,280
Tuchowska,W23W50W48,280
Tuchowska,W23W50W49,280
Biezanow,W41W27W36,280
Blacharska,W32W32W32,281
Blacharska,W32W32W18,281
Biezanow,W41W27W33,281
Biezanow,W41W27W42,281
Biezanow,W41W27W43,281
Blacharska,W32W32W36,282
Biezanow,W41W29W18,282
Biezanow,W41W29W32,282
Niepolomice,W50W1W8,282
Niepolomice,W50W1W34,282
Blacharska,W32W32W33,283
Blacharska,W32W32W42,283
Blacharska,W32W32W43,283
Biezanow,W41W29W36,283
Niepolomice,W50W1W1,283
Biezanow,W41W27W27,284
Biezanow,W41W27W21,284
Biezanow,W41W27W30,284
Biezanow,W41W27W41,284
Biezanow,W41W29W33,284
Biezanow,W41W29W42,284
Biezanow,W41W29W43,284
Tuchowska,W23W1W28,285
Biezanow,W41W27W24,285
Biezanow,W41W27W29,285
Biezanow,W41W27W37,285
Biezanow,W41W27W38,285
Biezanow,W41W27W40,285
Biezanow,W41W27W44,285
Biezanow,W41W27W45,285
Biezanow,W41W34W28,285
Blacharska,W32W32W21,286
Blacharska,W32W32W27,286
Blacharska,W32W32W30,286
Blacharska,W32W32W41,286
Blacharska,W32W32W24,287
Blacharska,W32W32W29,287
Blacharska,W32W32W37,287
Blacharska,W32W32W38,287
Blacharska,W32W32W40,287
Blacharska,W32W32W44,287
Blacharska,W32W32W45,287
Biezanow,W41W29W21,287
Biezanow,W41W29W27,287
Biezanow,W41W29W30,287
Biezanow,W41W29W41,287
Tuchowska,W23W1W31,288
Biezanow,W41W29W29,288
Biezanow,W41W29W24,288
Biezanow,W41W29W37,288
Biezanow,W41W29W38,288
Biezanow,W41W29W40,288
Biezanow,W41W29W44,288
Biezanow,W41W29W45,288
Biezanow,W41W34W31,288
Biezanow,W40W40W18,290
Biezanow,W40W40W32,290
Biezanow,W40W40W36,291
Biezanow,W40W40W39,291
Biezanow,W40W40W33,292
Biezanow,W40W40W42,292
Biezanow,W40W40W43,292
Biezanow,W40W40W21,295
Biezanow,W40W40W27,295
Biezanow,W40W40W30,295
Biezanow,W40W40W41,295
Biezanow,W37W33W18,296
Biezanow,W37W33W32,296
Biezanow,W40W40W40,296
Biezanow,W40W40W24,296
Biezanow,W40W40W29,296
Biezanow,W40W40W37,296
Biezanow,W40W40W44,296
Biezanow,W40W40W45,296
Biezanow,W37W33W36,297
Biezanow,W37W33W33,298
Biezanow,W37W33W42,298
Biezanow,W37W33W43,298
Biezanow,W40W24W18,298
Biezanow,W40W24W32,298
Biezanow,W40W24W36,299
Biezanow,W37W37W18,300
Biezanow,W37W37W32,300
Biezanow,W40W24W33,300
Biezanow,W40W24W42,300
Biezanow,W40W24W43,300
Biezanow,W37W37W36,301
Biezanow,W37W33W21,301
Biezanow,W37W33W27,301
Biezanow,W37W33W30,301
Biezanow,W37W33W41,301
Biezanow,W37W37W33,302
Biezanow,W37W37W42,302
Biezanow,W37W37W43,302
Biezanow,W37W33W24,302
Biezanow,W37W33W29,302
Biezanow,W37W33W37,302
Biezanow,W37W33W38,302
Biezanow,W37W33W40,302
Biezanow,W37W33W44,302
Biezanow,W37W33W45,302
Biezanow,W40W30W18,302
Biezanow,W40W30W32,302
Biezanow,W41W36W18,302
Biezanow,W41W36W32,302
Tuchowska,W24W31W8,303
Tuchowska,W24W31W34,303
Biezanow,W40W24W21,303
Biezanow,W40W24W27,303
Biezanow,W40W24W30,303
Biezanow,W40W24W41,303
Biezanow,W40W30W36,303
Biezanow,W41W36W36,303
Tuchowska,W24W31W1,304
Biezanow,W40W24W24,304
Biezanow,W40W24W29,304
Biezanow,W40W24W37,304
Biezanow,W40W24W38,304
Biezanow,W40W24W40,304
Biezanow,W40W24W44,304
Biezanow,W40W24W45,304
Biezanow,W40W30W33,304
Biezanow,W40W30W42,304
Biezanow,W40W30W43,304
Biezanow,W41W36W33,304
Biezanow,W41W36W42,304
Biezanow,W41W36W43,304
Tuchowska,W23W48W48,305
Tuchowska,W23W48W3,305
Tuchowska,W23W48W9,305
Tuchowska,W23W48W25,305
Tuchowska,W23W48W47,305
Tuchowska,W23W48W49,305
Tuchowska,W23W48W50,305
Biezanow,W37W37W21,305
Biezanow,W37W37W27,305
Biezanow,W37W37W30,305
Biezanow,W37W37W41,305
Biezanow,W42W42W18,305
Biezanow,W42W42W32,305
Biezanow,W37W37W37,306
Biezanow,W37W37W24,306
Biezanow,W37W37W29,306
Biezanow,W37W37W38,306
Biezanow,W37W37W40,306
Biezanow,W37W37W44,306
Biezanow,W37W37W45,306
Biezanow,W42W42W36,306
Biezanow,W42W42W39,306
Biezanow,W40W30W30,307
Biezanow,W40W30W21,307
Biezanow,W40W30W27,307
Biezanow,W40W30W41,307
Biezanow,W41W36W21,307
Biezanow,W41W36W27,307
Biezanow,W41W36W30,307
Biezanow,W41W36W41,307
Biezanow,W42W42W42,307
Biezanow,W42W42W33,307
Biezanow,W42W42W43,307
Biezanow,W40W30W24,308
Biezanow,W40W30W29,308
Biezanow,W40W30W37,308
Biezanow,W40W30W38,308
Biezanow,W40W30W40,308
Biezanow,W40W30W44,308
Biezanow,W40W30W45,308
Biezanow,W41W36W24,308
Biezanow,W41W36W29,308
Biezanow,W41W36W37,308
Biezanow,W41W36W38,308
Biezanow,W41W36W40,308
Biezanow,W41W36W44,308
Biezanow,W41W36W45,308
Niepolomice,W43W46W8,308
Niepolomice,W43W46W34,308
Niepolomice,W46W46W8,308
Niepolomice,W46W46W34,308
Biezanow,W40W38W18,309
Biezanow,W40W38W32,309
Niepolomice,W43W46W1,309
Niepolomice,W46W46W1,309
Blacharska,W33W46W8,310
Blacharska,W33W46W34,310
Biezanow,W40W38W36,310
Biezanow,W42W42W21,310
Biezanow,W42W42W27,310
Biezanow,W42W42W30,310
Biezanow,W42W42W41,310
Blacharska,W33W46W1,311
Biezanow,W37W43W18,311
Biezanow,W37W43W32,311
Biezanow,W38W40W18,311
Biezanow,W38W40W32,311
Biezanow,W40W38W33,311
Biezanow,W40W38W42,311
Biezanow,W40W38W43,311
Biezanow,W42W42W24,311
Biezanow,W42W42W29,311
Biezanow,W42W42W37,311
Biezanow,W42W42W40,311
Biezanow,W42W42W44,311
Biezanow,W42W42W45,311
Blacharska,W31W39W8,312
Blacharska,W31W39W34,312
Biezanow,W37W43W36,312
Biezanow,W38W40W36,312
Biezanow,W38W40W39,312
Blacharska,W31W39W1,313
Biezanow,W37W43W43,313
Biezanow,W37W43W33,313
Biezanow,W37W43W42,313
Biezanow,W38W40W33,313
Biezanow,W38W40W42,313
Biezanow,W38W40W43,313
Biezanow,W40W38W21,314
Biezanow,W40W38W27,314
Biezanow,W40W38W30,314
Biezanow,W40W38W41,314
Biezanow,W40W38W38,315
Biezanow,W40W38W24,315
Biezanow,W40W38W29,315
Biezanow,W40W38W37,315
Biezanow,W40W38W40,315
Biezanow,W40W38W44,315
Biezanow,W40W38W45,315
Biezanow,W37W43W21,316
Biezanow,W37W43W27,316
Biezanow,W37W43W30,316
Biezanow,W37W43W41,316
Biezanow,W38W40W21,316
Biezanow,W38W40W27,316
Biezanow,W38W40W30,316
Biezanow,W38W40W41,316
Biezanow,W37W43W24,317
Biezanow,W37W43W29,317
Biezanow,W37W43W37,317
Biezanow,W37W43W38,317
Biezanow,W37W43W40,317
Biezanow,W37W43W44,317
Biezanow,W37W43W45,317
Biezanow,W38W40W40,317
Biezanow,W38W40W24,317
Biezanow,W38W40W29,317
Biezanow,W38W40W37,317
Biezanow,W38W40W44,317
Biezanow,W38W40W45,317
Tuchowska,W23W49W49,318
Tuchowska,W23W49W3,318
Tuchowska,W23W49W9,318
Tuchowska,W23W49W25,318
Tuchowska,W23W49W47,318
Tuchowska,W23W49W48,318
Tuchowska,W23W49W50,318
Biezanow,W38W24W18,319
Biezanow,W38W24W32,319
Biezanow,W42W39W39,319
Biezanow,W38W24W36,320
Biezanow,W42W39W19,320
Biezanow,W42W39W46,320
Blacharska,W31W31W8,321
Blacharska,W31W31W34,321
Biezanow,W38W24W33,321
Biezanow,W38W24W42,321
Biezanow,W38W24W43,321
Blacharska,W31W31W1,322
Biezanow,W39W42W18,322
Biezanow,W39W42W32,322
Biezanow,W38W30W18,323
Biezanow,W38W30W32,323
Biezanow,W39W42W36,323
Biezanow,W39W42W39,323
Biezanow,W38W24W21,324
Biezanow,W38W24W27,324
Biezanow,W38W24W30,324
Biezanow,W38W24W41,324
Biezanow,W38W30W36,324
Biezanow,W39W42W42,324
Biezanow,W39W42W33,324
Biezanow,W39W42W43,324
Biezanow,W38W24W24,325
Biezanow,W38W24W29,325
Biezanow,W38W24W37,325
Biezanow,W38W24W38,325
Biezanow,W38W24W40,325
Biezanow,W38W24W44,325
Biezanow,W38W24W45,325
Biezanow,W38W30W33,325
Biezanow,W38W30W42,325
Biezanow,W38W30W43,325
Blacharska,W32W46W8,327
Blacharska,W32W46W34,327
Biezanow,W39W42W21,327
Biezanow,W39W42W27,327
Biezanow,W39W42W30,327
Biezanow,W39W42W41,327
Biezanow,W42W39W28,327
Blacharska,W32W46W1,328
Biezanow,W38W30W30,328
Biezanow,W38W30W21,328
Biezanow,W38W30W27,328
Biezanow,W38W30W41,328
Biezanow,W39W42W24,328
Biezanow,W39W42W29,328
Biezanow,W39W42W37,328
Biezanow,W39W42W40,328
Biezanow,W39W42W44,328
Biezanow,W39W42W45,328
Biezanow,W42W31W39,328
Biezanow,W38W30W24,329
Biezanow,W38W30W29,329
Biezanow,W38W30W37,329
Biezanow,W38W30W38,329
Biezanow,W38W30W40,329
Biezanow,W38W30W44,329
Biezanow,W38W30W45,329
Biezanow,W42W31W19,329
Biezanow,W42W31W46,329
Biezanow,W38W38W18,330
Biezanow,W38W38W32,330
Biezanow,W42W39W31,330
Tuchowska,W23W8W8,331
Tuchowska,W23W8W34,331
Biezanow,W38W38W36,331
Tuchowska,W23W8W1,332
Biezanow,W38W38W33,332
Biezanow,W38W38W42,332
Biezanow,W38W38W43,332
Biezanow,W37W46W39,334
Biezanow,W37W46W46,335
Biezanow,W37W46W19,335
Biezanow,W38W38W21,335
Biezanow,W38W38W27,335
Biezanow,W38W38W30,335
Biezanow,W38W38W41,335
Biezanow,W38W38W38,336
Biezanow,W38W38W24,336
Biezanow,W38W38W29,336
Biezanow,W38W38W37,336
Biezanow,W38W38W40,336
Biezanow,W38W38W44,336
Biezanow,W38W38W45,336
Biezanow,W39W39W39,336
Biezanow,W42W31W28,336
Biezanow,W39W39W19,337
Biezanow,W39W39W46,337
Biezanow,W42W31W31,339
Biezanow,W42W44W18,340
Biezanow,W42W44W32,340
Biezanow,W42W44W36,341
Biezanow,W37W46W28,342
Biezanow,W42W44W33,342
Biezanow,W42W44W42,342
Biezanow,W42W44W43,342
Biezanow,W39W39W28,344
Tuchowska,W23W1W8,345
Tuchowska,W23W1W34,345
Biezanow,W37W46W31,345
Biezanow,W39W31W39,345
Biezanow,W41W34W34,345
Biezanow,W41W34W8,345
Biezanow,W42W44W21,345
Biezanow,W42W44W27,345
Biezanow,W42W44W30,345
Biezanow,W42W44W41,345
Tuchowska,W23W1W1,346
Biezanow,W39W31W19,346
Biezanow,W39W31W46,346
Biezanow,W41W34W1,346
Biezanow,W42W44W44,346
Biezanow,W42W44W24,346
Biezanow,W42W44W29,346
Biezanow,W42W44W37,346
Biezanow,W42W44W38,346
Biezanow,W42W44W40,346
Biezanow,W42W44W45,346
Biezanow,W39W39W31,347
Biezanow,W49W23W11,349
Biezanow,W49W23W13,349
Biezanow,W49W23W10,351
Biezanow,W49W23W12,351
Biezanow,W49W23W14,352
Biezanow,W39W31W28,353
Biezanow,W37W32W32,356
Biezanow,W37W32W18,356
Biezanow,W39W31W31,356
Biezanow,W37W32W36,357
Biezanow,W39W44W18,357
Biezanow,W39W44W32,357
Biezanow,W49W23W35,357
Biezanow,W37W32W33,358
Biezanow,W37W32W42,358
Biezanow,W37W32W43,358
Biezanow,W39W44W36,358
Biezanow,W39W44W33,359
Biezanow,W39W44W42,359
Biezanow,W39W44W43,359
Biezanow,W49W23W20,359
Biezanow,W49W23W22,359
Biezanow,W49W23W16,360
Biezanow,W49W23W17,360
Biezanow,W37W32W21,361
Biezanow,W37W32W27,361
Biezanow,W37W32W30,361
Biezanow,W37W32W41,361
Biezanow,W49W23W23,361
Biezanow,W37W32W24,362
Biezanow,W37W32W29,362
Biezanow,W37W32W37,362
Biezanow,W37W32W38,362
Biezanow,W37W32W40,362
Biezanow,W37W32W44,362
Biezanow,W37W32W45,362
Biezanow,W39W44W21,362
Biezanow,W39W44W27,362
Biezanow,W39W44W30,362
Biezanow,W39W44W41,362
Biezanow,W49W23W15,362
Biezanow,W39W44W44,363
Biezanow,W39W44W24,363
Biezanow,W39W44W29,363
Biezanow,W39W44W37,363
Biezanow,W39W44W38,363
Biezanow,W39W44W40,363
Biezanow,W39W44W45,363
Biezanow,W49W23W26,364
Biezanow,W49W8W39,365
Biezanow,W49W8W19,366
Biezanow,W49W8W46,366
Biezanow,W49W8W28,373
Biezanow,W49W8W31,376
Biezanow,W49W9W9,378
Biezanow,W49W9W3,378
Biezanow,W49W9W25,378
Biezanow,W49W9W47,378
Biezanow,W49W9W48,378
Biezanow,W49W9W49,378
Biezanow,W49W9W50,378
Biezanow,W49W1W39,379
Biezanow,W49W47W47,379
Biezanow,W49W47W3,379
Biezanow,W49W47W9,379
Biezanow,W49W47W25,379
Biezanow,W49W47W48,379
Biezanow,W49W47W49,379
Biezanow,W49W47W50,379
Biezanow,W49W1W19,380
Biezanow,W49W1W46,380
Biezanow,W49W3W3,380
Biezanow,W49W3W9,380
Biezanow,W49W3W25,380
Biezanow,W49W3W47,380
Biezanow,W49W3W48,380
Biezanow,W49W3W49,380
Biezanow,W49W3W50,380
Biezanow,W49W50W50,382
Biezanow,W49W50W3,382
Biezanow,W49W50W9,382
Biezanow,W49W50W25,382
Biezanow,W49W50W47,382
Biezanow,W49W50W48,382
Biezanow,W49W50W49,382
Biezanow,W42W39W8,387
Biezanow,W42W39W34,387
Biezanow,W49W1W28,387
Biezanow,W42W39W1,388
Biezanow,W49W1W31,390
Biezanow,W42W31W8,396
Biezanow,W42W31W34,396
Biezanow,W42W31W1,397
Biezanow,W37W46W8,402
Biezanow,W37W46W34,402
Biezanow,W37W46W1,403
Biezanow,W39W39W8,404
Biezanow,W39W39W34,404
Biezanow,W39W39W1,405
Biezanow,W49W48W48,407
Biezanow,W49W48W3,407
Biezanow,W49W48W9,407
Biezanow,W49W48W25,407
Biezanow,W49W48W47,407
Biezanow,W49W48W49,407
Biezanow,W49W48W50,407
Biezanow,W39W31W8,413
Biezanow,W39W31W34,413
Biezanow,W39W31W1,414
Biezanow,W49W49W49,420
Biezanow,W49W49W3,420
Biezanow,W49W49W9,420
Biezanow,W49W49W25,420
Biezanow,W49W49W47,420
Biezanow,W49W49W48,420
Biezanow,W49W49W50,420
Biezanow,W49W8W8,433
Biezanow,W49W8W34,433
Biezanow,W49W8W1,434
Biezanow,W49W1W8,447
Biezanow,W49W1W34,447
Biezanow,W49W1W1,448
